timestamp_s,left_knee_ohms,right_knee_ohms
55.247,11.01,15.39
55.257,11.01,15.39
55.267,10.99,15.39
55.277,11.06,15.39
55.287,11.06,15.39
55.297,11.06,15.39
55.307,11.04,15.39
55.308,11.04499999999999,15.39
55.317,11.09,15.426000000000009
55.318,11.091484716157202,15.43
55.328,11.106331877729263,15.35
55.338,11.12117903930131,15.39
55.348,11.13602620087336,15.35
55.358,11.15087336244541,15.33
55.368,11.16572052401747,15.29
55.378,11.18056768558952,15.33
55.546,11.43,15.271565217391304
55.556,11.38,15.268086956521739
55.566,11.34,15.264608695652171
55.576,11.39,15.261130434782608
55.586,11.38,15.257652173913042
55.596,11.36,15.254173913043479
55.606,11.34,15.250695652173912
55.608,11.330000000000021,15.25
55.616,11.29,15.25
55.618,11.293236994219656,15.25
55.628,11.309421965317918,15.27
55.638,11.32560693641618,15.23
55.648,11.341791907514455,15.25
55.658,11.357976878612718,15.25
55.668,11.37416184971098,15.27
55.678,11.390346820809244,15.25
55.789,11.57,15.197455621301774
55.799,11.62,15.192721893491125
55.809,11.62,15.187988165680474
55.819,11.68,15.183254437869822
55.829,11.66,15.178520710059171
55.839,11.7,15.173786982248522
55.847,11.708000000000006,15.17
55.849,11.71,15.17
55.857,11.71,15.17
55.859,11.71,15.17
55.867,11.696586826347314,15.17
55.877,11.679820359281438,15.19
55.887,11.663053892215572,15.17
55.897,11.646287425149707,15.19
55.907,11.629520958083843,15.21
55.917,11.612754491017967,15.21
56.026,11.43,15.269931271477665
56.036,11.43,15.275429553264605
56.046,11.39,15.280927835051546
56.056,11.38,15.286426116838486
56.066,11.39,15.291924398625431
56.076,11.36,15.297422680412371
56.086,11.32,15.302920962199313
56.096,11.32,15.308419243986252
56.208,11.483742690058476,15.37
56.218,11.498362573099419,15.43
56.228,11.512982456140351,15.37
56.238,11.527602339181284,15.37
56.248,11.542222222222216,15.33
56.258,11.556842105263158,15.31
56.267,11.57,15.31
56.268,11.576999999999986,15.31
56.277,11.64,15.291999999999994
56.278,11.643999999999991,15.29
56.287,11.68,15.288421052631579
56.297,11.64,15.286666666666667
56.307,11.68,15.284912280701754
56.317,11.71,15.283157894736842
56.327,11.7,15.281403508771929
56.337,11.77,15.279649122807017
56.506,12.29169565217391,15.25
56.516,12.322565217391297,15.25
56.526,12.353434782608705,15.23
56.536,12.38430434782609,15.25
56.546,12.415173913043475,15.27
56.556,12.446043478260862,15.23
56.566,12.476913043478268,15.23
56.567,12.48,15.23
56.576,12.579000000000024,15.23
56.577,12.59,15.232807017543854
56.587,12.61,15.260877192982464
56.597,12.66,15.288947368421056
56.607,12.61,15.317017543859647
56.617,12.61,15.345087719298238
56.627,12.55,15.373157894736849
56.637,12.64,15.40122807017544
56.747,13.056568047337283,15.71
56.757,13.094437869822483,15.75
56.767,13.13230769230771,15.77
56.777,13.170177514792911,15.73
56.787,13.208047337278112,15.79
56.797,13.24591715976331,15.77
56.806,13.28,15.83299999999997
56.807,13.285000000000021,15.84
56.816,13.33,15.84
56.817,13.33399999999999,15.84
56.826,13.37,15.887117647058824
56.836,13.26,15.939470588235285
56.846,13.18,15.991823529411745
56.856,13.15,16.04417647058824
56.866,13.07,16.0965294117647
56.876,13.05,16.14888235294116
56.987,12.439824561403483,16.73
56.997,12.384853801169577,16.71
57.007,12.329883040935668,16.65
57.017,12.274912280701722,16.62
57.027,12.219941520467815,16.58
57.037,12.164970760233906,16.48
57.047,12.11,16.5
57.057,12.11,16.48
57.067,12.15,16.466470588235296
57.077,12.07,16.452941176470592
57.087,12.09,16.43941176470588
57.097,12.02,16.425882352941176
57.107,11.98,16.412352941176472
57.117,11.91,16.398823529411768
57.227,11.776473988439308,16.25
57.237,11.764335260115603,16.19
57.247,11.752196531791906,16.19
57.257,11.74005780346821,16.19
57.267,11.727919075144504,16.21
57.277,11.715780346820805,16.14
57.287,11.703641618497109,16.17
57.29,11.7,16.182000000000006
57.297,11.7,16.21
57.3,11.7,16.211764705882352
57.31,11.66,16.217647058823534
57.32,11.62,16.22352941176471
57.33,11.66,16.229411764705883
57.34,11.61,16.23529411764706
57.35,11.61,16.241176470588236
57.36,11.59,16.247058823529414
57.467,11.575034965034966,16.31
57.477,11.573636363636364,16.48
57.487,11.572237762237762,16.67
57.497,11.570839160839162,16.92
57.507,11.56944055944056,17.07
57.517,11.568041958041958,17.31
57.527,11.566643356643358,17.35
57.537,11.565244755244755,17.74
57.646,11.55,17.853148788927335
57.656,11.66,17.863529411764702
57.666,11.75,17.873910034602073
57.676,11.91,17.884290657439447
57.686,11.95,17.894671280276814
57.696,12.04,17.905051903114185
57.706,12.13,17.91543252595156
57.716,12.18,17.925813148788926
57.826,12.830887573964505,18.04
57.836,12.890059171597631,17.96
57.846,12.949230769230756,17.91
57.856,13.008402366863923,17.72
57.866,13.067573964497049,17.59
57.876,13.126745562130175,17.48
57.885,13.18,17.363000000000056
57.886,13.177999999999992,17.35
57.895,13.16,17.31399999999999
57.896,13.169999999999979,17.31
57.905,13.26,17.294302325581395
57.915,13.47,17.27686046511628
57.925,13.54,17.259418604651167
57.935,13.56,17.241976744186044
57.945,13.58,17.224534883720928
57.955,13.54,17.207093023255815
58.068,13.031169590643275,17.01
58.078,12.98614035087717,16.92
58.088,12.941111111111097,16.92
58.098,12.896081871345023,16.9
58.108,12.85105263157895,16.84
58.118,12.806023391812845,16.77
58.126,12.77,16.77
58.128,12.761999999999993,16.77
58.136,12.73,16.75399999999999
58.138,12.728000000000005,16.75
58.146,12.72,16.756153846153847
58.156,12.64,16.763846153846153
58.166,12.59,16.77153846153846
58.176,12.53,16.77923076923077
58.186,12.53,16.786923076923078
58.196,12.51,16.794615384615383
58.307,12.451235294117645,16.88
58.317,12.445941176470587,16.84
58.327,12.44064705882353,16.79
58.337,12.435352941176468,16.73
58.347,12.43005882352941,16.62
58.357,12.424764705882353,16.58
58.366,12.42,16.561999999999994
58.367,12.41600000000001,16.56
58.376,12.38,16.54200000000001
58.377,12.376999999999988,16.54
58.386,12.35,16.522426035502956
58.396,12.4,16.502899408284026
58.406,12.37,16.483372781065093
58.416,12.31,16.463846153846163
58.426,12.24,16.44431952662722
58.436,12.17,16.424792899408285
58.546,11.991965317919078,16.21
58.556,11.975780346820816,16.17
58.566,11.959595375722541,16.12
58.576,11.943410404624279,16.14
58.586,11.927225433526017,16.14
58.596,11.911040462427755,16.14
58.606,11.89485549132948,16.1
58.609,11.89,16.087999999999997
58.616,11.883000000000001,16.06
58.619,11.88,16.077117647058824
58.629,11.93,16.134176470588223
58.639,11.95,16.191235294117664
58.649,11.97,16.248294117647063
58.659,12.04,16.305352941176462
58.669,12.0,16.362411764705865
58.679,12.0,16.419470588235303
58.786,12.348224852071011,17.03
58.796,12.38076923076923,17.03
58.806,12.413313609467448,17.01
58.816,12.44585798816569,16.88
58.826,12.478402366863909,16.84
58.836,12.510946745562128,16.84
58.846,12.543491124260347,16.77
58.848,12.55,16.774
58.856,12.533999999999992,16.79
58.858,12.53,16.786306818181824
58.868,12.48,16.767840909090907
58.878,12.38,16.749375
58.888,12.44,16.730909090909098
58.898,12.51,16.712443181818177
58.908,12.53,16.69397727272727
58.918,12.64,16.675511363636367
59.148,12.24,16.250795454545447
59.158,12.18,16.23232954545454
59.168,12.17,16.213863636363637
59.178,12.13,16.19539772727273
59.188,12.11,16.17693181818181
59.198,12.04,16.158465909090907
59.208,12.04,16.14
59.218,12.0,16.19
59.228,11.980349344978169,16.12
59.238,11.96069868995634,16.12
59.248,11.941048034934509,16.12
59.258,11.921397379912666,16.12
59.268,11.901746724890835,16.1
59.278,11.882096069869005,16.08
59.447,11.55,16.344521739130435
59.457,11.52,16.36017391304348
59.467,11.52,16.37582608695652
59.477,11.5,16.391478260869558
59.487,11.45,16.40713043478261
59.497,11.45,16.42278260869565
59.507,11.39,16.438434782608688
59.508,11.388999999999996,16.44
59.517,11.38,16.44
59.518,11.379647058823531,16.44
59.528,11.376117647058825,16.44
59.538,11.37258823529412,16.39
59.548,11.369058823529413,16.35
59.558,11.365529411764706,16.31
59.568,11.362000000000002,16.31
59.578,11.358470588235294,16.29
59.687,11.32,16.354497041420117
59.697,11.31,16.360414201183435
59.707,11.27,16.366331360946745
59.717,11.29,16.37224852071006
59.727,11.31,16.378165680473373
59.737,11.27,16.384082840236687
59.747,11.23,16.39
59.757,11.29,16.37
59.767,11.286137339055792,16.39
59.777,11.282274678111586,16.33
59.787,11.278412017167382,16.29
59.797,11.274549356223176,16.27
59.807,11.270686695278968,16.33
59.817,11.266824034334762,16.25
59.99,11.2,16.000698689956327
60.0,11.18,15.986288209606986
60.01,11.18,15.971877729257644
60.02,11.16,15.95746724890829
60.03,11.2,15.94305676855895
60.04,11.2,15.928646288209608
60.046,11.218000000000004,15.92
60.05,11.23,15.92
60.056,11.23,15.92
60.06,11.23,15.92
60.066,11.238982035928144,15.92
60.076,11.253952095808382,15.92
60.086,11.26892215568862,15.9
60.096,11.283892215568855,15.88
60.106,11.298862275449103,15.9
60.116,11.31383233532934,15.88
60.227,11.48,16.107192982456137
60.237,11.45,16.127660818713455
60.247,11.41,16.148128654970762
60.257,11.39,16.16859649122807
60.267,11.39,16.18906432748539
60.277,11.39,16.209532163742693
60.287,11.36,16.23
60.297,11.36,16.17
60.307,11.343625730994145,16.14
60.317,11.3272514619883,16.17
60.327,11.310877192982456,16.23
60.337,11.2945029239766,16.14
60.347,11.278128654970756,16.12
60.357,11.261754385964911,16.1
60.468,11.08,15.836936416184964
60.478,11.06,15.81323699421965
60.488,11.02,15.789537572254337
60.498,11.04,15.765838150289024
60.508,11.02,15.742138728323695
60.518,11.02,15.718439306358382
60.528,11.02,15.69473988439307
60.53,11.01399999999999,15.69
60.538,10.99,15.642000000000017
60.54,10.99,15.63
60.55,10.99,15.65
60.56,10.99,15.65
60.57,10.99,15.63
60.58,10.99,15.61
60.59,10.99,15.61
60.6,10.99,15.59
60.72,10.99,15.546886227544912
60.73,11.04,15.543293413173654
60.74,11.02,15.539700598802394
60.75,11.04,15.536107784431138
60.76,11.04,15.532514970059882
60.767,11.018999999999995,15.53
60.77,11.01,15.542000000000002
60.777,11.017,15.57
60.78,11.02,15.57
60.787,11.047999999999998,15.57
60.79,11.06,15.557999999999996
60.797,11.054615384615387,15.53
60.807,11.046923076923076,15.53
60.817,11.039230769230768,15.51
60.827,11.031538461538462,15.53
60.837,11.02384615384615,15.45
60.946,10.94,15.437471264367817
60.956,10.92,15.43632183908046
60.966,10.94,15.435172413793103
60.976,10.92,15.434022988505747
60.986,10.92,15.432873563218392
60.996,10.94,15.431724137931035
61.006,10.9,15.430574712643677
61.011,10.920000000000014,15.43
61.016,10.94,15.449999999999985
61.021,10.938797250859105,15.47
61.031,10.936391752577318,15.45
61.041,10.933986254295533,15.49
61.051,10.931580756013744,15.53
61.061,10.929175257731957,15.51
61.071,10.926769759450172,15.57
61.081,10.924364261168384,15.55
61.247,10.88443298969072,15.51
61.257,10.882027491408936,15.49
61.267,10.879621993127147,15.47
61.277,10.87721649484536,15.47
61.287,10.874810996563573,15.49
61.297,10.872405498281788,15.47
61.307,10.87,15.47
61.317,10.87,15.47
61.327,10.9,15.464117647058826
61.337,10.85,15.458235294117646
61.347,10.9,15.452352941176471
61.357,10.87,15.446470588235295
61.367,10.87,15.44058823529412
61.377,10.85,15.43470588235294
61.487,10.792105263157895,15.37
61.497,10.786842105263158,15.37
61.507,10.781578947368423,15.33
61.517,10.776315789473683,15.35
61.527,10.771052631578948,15.35
61.537,10.765789473684212,15.39
61.547,10.760526315789477,15.43
61.548,10.76,15.43
61.557,10.76,15.43
61.558,10.76,15.430235294117645
61.568,10.76,15.432588235294116
61.578,10.8,15.434941176470588
61.588,10.76,15.437294117647058
61.598,10.75,15.439647058823528
61.608,10.76,15.441999999999998
61.618,10.76,15.44435294117647
61.727,10.736304347826088,15.47
61.737,10.734130434782609,15.47
61.747,10.73195652173913,15.45
61.757,10.729782608695652,15.47
61.767,10.727608695652174,15.45
61.777,10.725434782608696,15.41
61.787,10.723260869565218,15.47
61.797,10.72108695652174,15.41
61.848,10.71,15.41
61.858,10.76,15.41
61.868,10.73,15.41
61.878,10.71,15.41
61.888,10.75,15.41
61.898,10.76,15.41
61.908,10.76,15.41
61.918,10.78,15.41
62.087,10.770287356321838,15.41
62.097,10.76971264367816,15.39
62.107,10.769137931034482,15.35
62.117,10.768563218390804,15.35
62.127,10.767988505747125,15.37
62.137,10.767413793103447,15.35
62.147,10.76683908045977,15.37
62.157,10.766264367816092,15.33
62.266,10.76,15.291301775147929
62.276,10.75,15.28775147928994
62.286,10.78,15.284201183431952
62.296,10.75,15.280650887573964
62.306,10.75,15.277100591715977
62.316,10.75,15.273550295857987
62.326,10.73,15.27
62.336,10.75,15.27
62.346,10.746491228070177,15.25
62.356,10.74298245614035,15.23
62.366,10.739473684210525,15.25
62.376,10.735964912280702,15.25
62.386,10.732456140350875,15.21
62.396,10.728947368421052,15.21
62.507,10.69,15.22298245614035
62.517,10.71,15.224152046783626
62.527,10.68,15.225321637426902
62.537,10.66,15.226491228070175
62.547,10.66,15.227660818713451
62.557,10.68,15.228830409356727
62.567,10.66,15.23
62.577,10.62,15.21
62.587,10.621183431952662,15.23
62.597,10.622366863905325,15.21
62.607,10.623550295857987,15.23
62.617,10.62473372781065,15.19
62.627,10.625917159763313,15.19
62.637,10.627100591715976,15.19
62.746,10.64,15.202899408284024
62.756,10.66,15.204082840236687
62.766,10.68,15.20526627218935
62.776,10.69,15.206449704142013
62.786,10.71,15.207633136094676
62.796,10.75,15.208816568047338
62.806,10.8,15.21
62.816,10.8,15.21
62.826,10.806529209621992,15.23
62.836,10.813058419243985,15.23
62.846,10.819587628865976,15.25
62.856,10.826116838487973,15.21
62.866,10.832646048109964,15.23
62.876,10.839175257731956,15.21
63.046,10.950171821305842,15.25
63.056,10.956701030927833,15.25
63.066,10.96323024054983,15.27
63.076,10.969759450171821,15.19
63.086,10.976288659793815,15.19
63.096,10.982817869415806,15.19
63.106,10.989347079037803,15.19
63.107,10.99,15.186000000000009
63.116,11.008000000000004,15.15
63.117,11.01,15.149529411764707
63.127,10.99,15.144823529411763
63.137,10.94,15.140117647058824
63.147,10.94,15.135411764705884
63.157,10.94,15.130705882352943
63.167,10.95,15.126
63.177,10.94,15.121294117647059
63.286,10.83741176470588,15.07
63.296,10.828000000000001,15.05
63.306,10.81858823529412,15.05
63.316,10.809176470588234,15.03
63.326,10.799764705882353,15.07
63.336,10.790352941176472,15.01
63.346,10.780941176470591,14.99
63.347,10.78,14.994000000000018
63.356,10.78,15.03
63.357,10.78,15.029882352941176
63.367,10.76,15.028705882352941
63.377,10.8,15.027529411764705
63.387,10.75,15.02635294117647
63.397,10.75,15.025176470588235
63.407,10.75,15.024000000000001
63.417,10.76,15.022823529411765
63.526,10.671279069767438,15.01
63.536,10.663139534883719,14.95
63.546,10.655,14.99
63.556,10.64686046511628,15.01
63.566,10.638720930232555,14.97
63.576,10.630581395348836,14.99
63.586,10.622441860465116,15.01
63.589,10.62,15.01
63.596,10.633999999999999,15.01
63.599,10.64,15.01
63.609,10.59,15.01
63.619,10.59,15.01
63.629,10.64,15.01
63.639,10.61,15.01
63.649,10.61,15.01
63.659,10.62,15.01
63.769,10.600357142857142,15.01
63.779,10.598571428571427,15.01
63.789,10.596785714285714,15.01
63.799,10.594999999999999,14.97
63.809,10.593214285714286,14.95
63.819,10.59142857142857,14.99
63.827,10.59,15.005999999999995
63.829,10.585999999999997,15.01
63.837,10.57,14.993999999999991
63.839,10.57,14.99
63.847,10.57,14.988095238095237
63.857,10.59,14.985714285714286
63.867,10.56,14.983333333333334
63.877,10.59,14.980952380952381
63.887,10.59,14.978571428571428
63.897,10.57,14.976190476190476
64.007,10.56367816091954,14.95
64.017,10.563103448275863,14.97
64.027,10.562528735632185,14.91
64.037,10.561954022988505,14.93
64.047,10.561379310344828,14.93
64.057,10.56080459770115,14.89
64.067,10.560229885057472,14.89
64.071,10.56,14.898000000000007
64.077,10.56,14.91
64.081,10.56,14.91
64.091,10.52,14.91
64.101,10.54,14.91
64.111,10.59,14.91
64.121,10.56,14.91
64.131,10.52,14.91
64.141,10.54,14.91
64.25,10.506969696969698,14.91
64.26,10.503939393939392,14.89
64.27,10.500909090909092,14.83
64.28,10.497878787878788,14.91
64.29,10.494848484848482,14.87
64.3,10.491818181818182,14.87
64.306,10.49,14.881999999999994
64.31,10.494000000000003,14.89
64.316,10.5,14.89
64.32,10.507999999999988,14.89
64.326,10.52,14.891437125748503
64.336,10.5,14.893832335329343
64.346,10.49,14.896227544910182
64.356,10.5,14.898622754491019
64.366,10.52,14.901017964071858
64.376,10.49,14.903413173652698
64.487,10.49,14.93
64.497,10.49,14.91
64.507,10.49,14.93
64.517,10.49,14.95
64.527,10.49,14.91
64.537,10.49,14.89
64.546,10.49,14.94400000000005
64.547,10.486000000000034,14.95
64.556,10.45,14.932000000000007
64.557,10.45,14.93
64.566,10.45,14.936352941176471
64.576,10.45,14.943411764705877
64.586,10.44,14.95047058823529
64.596,10.44,14.957529411764707
64.606,10.45,14.964588235294112
64.616,10.44,14.971647058823526
64.727,10.470515463917527,15.05
64.737,10.473264604810995,15.09
64.747,10.476013745704467,15.07
64.757,10.47876288659794,15.09
64.767,10.481512027491409,15.09
64.777,10.48426116838488,15.09
64.787,10.487010309278352,15.15
64.797,10.489759450171821,15.19
64.907,10.52,15.586511627906981
64.917,10.47,15.622558139534908
64.927,10.52,15.658604651162834
64.937,10.5,15.69465116279071
64.947,10.57,15.730697674418634
64.957,10.61,15.766744186046509
64.967,10.62,15.802790697674435
64.969,10.623999999999988,15.81
64.977,10.64,15.793999999999988
64.979,10.642209302325577,15.79
64.989,10.65325581395349,15.81
64.999,10.664302325581387,15.84
65.009,10.675348837209299,15.88
65.019,10.686395348837213,15.88
65.029,10.69744186046511,15.92
65.039,10.708488372093022,16.02
65.149,10.83,16.737964071856275
65.159,10.9,16.803233532934154
65.169,10.95,16.868502994011937
65.179,11.06,16.933772455089816
65.189,11.22,16.9990419161676
65.199,11.29,17.064311377245478
65.206,11.353000000000012,17.11
65.209,11.38,17.14300000000003
65.216,11.435999999999979,17.22
65.219,11.46,17.237999999999992
65.226,11.535384615384665,17.28
65.236,11.64307692307702,17.24
65.246,11.750769230769222,17.28
65.256,11.85846153846158,17.18
65.266,11.966153846153935,17.2
65.276,12.073846153846137,17.15
65.388,13.28,17.775116279069827
65.398,13.41,17.83093023255815
65.408,13.56,17.886744186046553
65.418,13.73,17.942558139534952
65.428,13.98,17.998372093023274
65.438,14.1,18.054186046511678
65.448,14.45,18.11
65.458,14.28,18.26
65.468,14.250833333333318,18.51
65.478,14.22166666666668,18.51
65.488,14.192499999999999,18.71
65.498,14.163333333333318,18.76
65.508,14.13416666666668,18.89
65.518,14.104999999999999,19.0
65.626,13.79,20.047857142857143
65.636,13.83,20.14488095238086
65.646,13.93,20.241904761904713
65.656,13.93,20.33892857142857
65.666,13.89,20.435952380952287
65.676,13.83,20.532976190476145
65.686,13.75,20.63
65.696,13.75,20.82
65.706,13.785087719298263,21.01
65.716,13.820175438596474,20.94
65.726,13.855263157894736,21.03
65.736,13.890350877192999,21.01
65.746,13.925438596491212,21.11
65.756,13.960526315789474,21.15
65.867,14.35,21.563023255813974
65.877,14.49,21.600232558139524
65.887,14.55,21.637441860465124
65.897,14.61,21.674651162790724
65.907,14.77,21.711860465116274
65.917,14.97,21.749069767441874
65.927,15.09,21.786279069767478
65.928,15.09,21.79
65.937,15.09,21.592000000000095
65.938,15.093321917808234,21.57
65.948,15.126541095890396,21.69
65.958,15.159760273972605,21.54
65.968,15.192979452054812,21.3
65.978,15.226198630136974,21.23
65.988,15.259417808219183,21.15
65.998,15.292636986301392,21.42
66.166,15.850719178082183,20.94
66.176,15.883938356164393,20.82
66.186,15.9171575342466,20.89
66.196,15.950376712328762,20.84
66.206,15.983595890410971,20.86
66.216,16.01681506849313,20.98
66.226,16.05003424657534,20.94
66.229,16.06,20.975999999999985
66.236,16.031999999999993,21.06
66.239,16.02,21.053757225433525
66.249,15.98,21.03294797687863
66.259,15.88,21.012138728323706
66.269,15.9,20.991329479768783
66.279,15.9,20.97052023121389
66.289,15.94,20.949710982658964
66.299,16.02,20.92890173410404
66.409,15.492781065088751,20.7
66.419,15.444852071005954,20.7
66.429,15.396923076923088,20.7
66.439,15.34899408284029,20.63
66.449,15.301065088757426,20.51
66.459,15.25313609467456,20.46
66.468,15.21,20.39699999999994
66.469,15.20200000000007,20.39
66.478,15.13,20.32700000000003
66.479,15.121999999999966,20.32
66.488,15.05,20.313259911894274
66.498,15.01,20.305770925110128
66.508,14.97,20.298281938325996
66.518,14.91,20.29079295154185
66.528,14.89,20.283303964757703
66.538,14.83,20.27581497797357
66.706,14.713130434782606,20.15
66.716,14.706173913043482,20.15
66.726,14.699217391304348,20.11
66.736,14.692260869565214,20.08
66.746,14.68530434782609,19.94
66.756,14.678347826086956,19.92
66.766,14.671391304347823,19.94
66.768,14.67,19.91800000000003
66.776,14.638000000000035,19.83
66.778,14.63,19.821058823529366
66.788,14.61,19.776352941176466
66.798,14.59,19.731647058823505
66.808,14.63,19.68694117647054
66.818,14.63,19.64223529411764
66.828,14.53,19.597529411764675
66.838,14.53,19.55282352941178
66.946,14.290718562874245,19.07
66.956,14.26856287425148,19.03
66.966,14.246407185628746,18.98
66.976,14.22425149700598,18.94
66.986,14.202095808383215,18.87
66.996,14.179940119760479,18.8
67.005,14.16,18.8
67.006,14.155999999999983,18.8
67.015,14.12,18.78200000000001
67.016,14.122000000000007,18.78
67.025,14.14,18.756315789473682
67.035,14.12,18.73000000000002
67.045,14.12,18.703684210526323
67.055,14.08,18.677368421052623
67.065,14.06,18.651052631578963
67.075,14.04,18.624736842105264
67.187,13.93099756690998,18.33
67.197,13.921265206812652,18.38
67.207,13.911532846715337,18.35
67.217,13.90180048661801,18.33
67.227,13.89206812652068,18.33
67.237,13.882335766423365,18.26
67.247,13.872603406326038,18.26
67.257,13.862871046228708,18.24
67.429,13.695474452554746,18.09
67.439,13.685742092457431,18.09
67.449,13.676009732360104,18.09
67.459,13.666277372262774,18.09
67.469,13.656545012165461,18.02
67.479,13.646812652068132,18.0
67.486,13.64,17.985999999999997
67.489,13.62799999999999,17.98
67.496,13.6,17.993999999999993
67.499,13.617999999999991,18.0
67.506,13.66,17.997083333333332
67.516,13.56,17.992916666666662
67.526,13.54,17.98875
67.536,13.56,17.98458333333333
67.546,13.52,17.980416666666663
67.556,13.52,17.97625
67.667,13.420824742268037,17.93
67.677,13.411890034364252,17.91
67.687,13.402955326460479,17.93
67.697,13.394020618556695,17.91
67.707,13.385085910652922,17.91
67.717,13.376151202749138,17.87
67.727,13.367216494845353,17.85
67.737,13.35828178694158,17.8
67.847,13.26,17.716860465116287
67.857,13.24,17.709302325581397
67.867,13.22,17.70174418604651
67.877,13.2,17.694186046511636
67.887,13.18,17.68662790697675
67.897,13.18,17.679069767441863
67.907,13.22,17.671511627906984
67.909,13.22,17.67
67.917,13.22,17.653999999999993
67.919,13.218479532163746,17.65
67.929,13.210877192982457,17.67
67.939,13.203274853801176,17.65
67.949,13.195672514619885,17.65
67.959,13.188070175438595,17.61
67.969,13.180467836257314,17.63
67.979,13.172865497076023,17.61
68.088,13.09,17.577559523809526
68.098,13.11,17.574583333333333
68.108,13.07,17.571607142857143
68.118,13.07,17.568630952380953
68.128,13.05,17.565654761904764
68.138,13.03,17.56267857142857
68.147,13.002999999999975,17.56
68.148,13.0,17.562999999999974
68.157,13.0,17.59
68.158,13.0,17.58499999999998
68.167,12.993647058823528,17.54
68.177,12.986588235294114,17.52
68.187,12.979529411764709,17.61
68.197,12.972470588235293,17.56
68.207,12.965411764705888,17.56
68.217,12.958352941176473,17.56
68.328,12.88,17.50776470588235
68.338,12.9,17.503058823529415
68.348,12.92,17.49835294117647
68.358,12.88,17.493647058823527
68.368,12.86,17.48894117647059
68.378,12.88,17.484235294117646
68.387,12.897999999999993,17.48
68.388,12.9,17.48200000000001
68.397,12.9,17.5
68.398,12.9,17.49300000000006
68.407,12.9,17.43
68.417,12.9,17.41
68.427,12.9,17.41
68.437,12.9,17.43
68.447,12.9,17.39
68.457,12.9,17.37
68.569,12.9,17.37
68.579,12.88,17.37
68.589,12.86,17.37
68.599,12.88,17.37
68.609,12.86,17.37
68.619,12.85,17.37
68.627,12.834000000000017,17.37
68.629,12.83,17.365999999999985
68.637,12.846000000000005,17.35
68.639,12.85,17.34600000000001
68.647,12.843809523809517,17.33
68.657,12.836071428571428,17.35
68.667,12.82833333333333,17.37
68.677,12.820595238095231,17.37
68.687,12.812857142857142,17.37
68.697,12.805119047619044,17.35
68.807,12.72,17.278823529411767
68.817,12.77,17.27235294117648
68.827,12.7,17.26588235294118
68.837,12.73,17.25941176470588
68.847,12.72,17.252941176470593
68.857,12.73,17.246470588235297
68.867,12.72,17.24
68.877,12.73,17.26
68.887,12.726193771626296,17.24
68.897,12.72238754325259,17.26
68.907,12.718581314878893,17.22
68.917,12.714775086505188,17.24
68.927,12.710968858131483,17.26
68.937,12.707162629757786,17.24
69.107,12.642456747404843,17.2
69.117,12.638650519031138,17.22
69.127,12.634844290657439,17.18
69.137,12.631038062283736,17.18
69.147,12.627231833910031,17.18
69.157,12.623425605536331,17.13
69.166,12.62,17.14799999999999
69.167,12.616999999999987,17.15
69.176,12.59,17.176999999999985
69.177,12.593000000000012,17.18
69.186,12.62,17.17733727810651
69.196,12.61,17.174378698224853
69.206,12.61,17.171420118343196
69.216,12.59,17.168461538461543
69.226,12.59,17.165502958579882
69.236,12.57,17.162544378698225
69.346,12.544117647058824,17.13
69.356,12.541764705882356,17.11
69.366,12.539411764705884,17.09
69.376,12.537058823529412,17.05
69.386,12.534705882352943,17.03
69.396,12.532352941176471,17.05
69.406,12.53,17.03
69.416,12.55,17.07
69.426,12.53,17.063604651162787
69.436,12.55,17.057209302325575
69.446,12.57,17.050813953488372
69.456,12.59,17.04441860465116
69.466,12.57,17.038023255813954
69.476,12.57,17.03162790697674
69.588,12.543801169590646,16.96
69.598,12.541461988304095,16.94
69.608,12.539122807017543,16.9
69.618,12.536783625730996,16.94
69.628,12.534444444444444,16.88
69.638,12.532105263157893,16.9
69.647,12.53,16.918000000000017
69.648,12.528000000000016,16.92
69.657,12.51,16.92
69.658,12.512000000000008,16.92
69.667,12.53,16.91948717948718
69.677,12.51,16.91891737891738
69.687,12.46,16.91834757834758
69.697,12.49,16.91777777777778
69.707,12.49,16.91720797720798
69.717,12.46,16.916638176638177
69.949,12.48,16.903418803418802
69.959,12.48,16.902849002849003
69.969,12.48,16.902279202279203
69.979,12.49,16.9017094017094
69.989,12.49,16.9011396011396
69.999,12.51,16.900569800569798
70.009,12.48,16.9
70.019,12.51,16.9
70.029,12.505808383233537,16.92
70.039,12.501616766467068,16.94
70.049,12.497425149700598,16.98
70.059,12.493233532934134,16.96
70.069,12.489041916167666,16.92
70.079,12.484850299401202,16.96
70.186,12.44,16.947185628742513
70.196,12.48,16.945988023952097
70.206,12.48,16.944790419161677
70.216,12.48,16.943592814371257
70.226,12.49,16.942395209580837
70.236,12.49,16.941197604790418
70.246,12.46,16.94
70.256,12.49,16.9
70.266,12.488,16.9
70.276,12.486,16.9
70.286,12.484,16.9
70.296,12.482,16.86
70.306,12.48,16.86
70.316,12.478,16.88
70.549,12.431399999999998,16.92
70.559,12.4294,16.88
70.569,12.427399999999999,16.86
70.579,12.4254,16.88
70.589,12.423399999999999,16.92
70.599,12.421399999999998,16.96
70.606,12.42,16.973999999999997
70.609,12.431999999999995,16.98
70.616,12.46,17.001000000000005
70.619,12.46,17.01
70.626,12.46,17.007916666666667
70.636,12.46,17.00494047619048
70.646,12.4,17.001964285714287
70.656,12.4,16.998988095238094
70.666,12.44,16.996011904761907
70.676,12.44,16.993035714285714
70.787,12.394561403508767,16.96
70.797,12.39046783625731,17.01
70.807,12.386374269005845,16.94
70.817,12.382280701754386,16.96
70.827,12.378187134502921,16.96
70.837,12.374093567251458,16.94
70.847,12.37,16.92
70.857,12.4,16.9
70.867,12.37,16.896491228070172
70.877,12.37,16.892982456140352
70.887,12.37,16.889473684210525
70.897,12.38,16.8859649122807
70.907,12.38,16.88245614035088
70.917,12.4,16.878947368421052
71.028,12.389587242026266,16.84
71.038,12.388649155722327,16.84
71.048,12.387711069418387,16.81
71.058,12.386772983114446,16.84
71.068,12.385834896810508,16.79
71.078,12.384896810506566,16.86
71.088,12.383958724202628,16.81
71.098,12.383020637898687,16.84
71.27,12.36688555347092,16.69
71.28,12.36594746716698,16.69
71.29,12.36500938086304,16.67
71.3,12.3640712945591,16.69
71.31,12.36313320825516,16.69
71.32,12.36219512195122,16.69
71.33,12.361257035647279,16.67
71.34,12.36031894934334,16.67
71.45,12.35,16.65076923076923
71.46,12.29,16.64902097902098
71.47,12.29,16.64727272727273
71.48,12.27,16.64552447552448
71.49,12.27,16.643776223776225
71.5,12.29,16.642027972027975
71.51,12.31,16.64027972027972
71.52,12.29,16.638531468531472
71.626,12.258263473053889,16.62
71.636,12.255269461077845,16.62
71.646,12.252275449101795,16.58
71.656,12.249281437125745,16.6
71.666,12.246287425149701,16.62
71.676,12.243293413173651,16.62
71.686,12.240299401197602,16.67
71.687,12.24,16.67
71.696,12.257999999999992,16.67
71.697,12.26,16.670465116279075
71.707,12.27,16.675116279069766
71.717,12.26,16.679767441860466
71.727,12.24,16.684418604651167
71.737,12.26,16.68906976744186
71.747,12.24,16.693720930232562
71.757,12.24,16.69837209302326
71.868,12.233675213675214,16.75
71.878,12.233105413105413,16.77
71.888,12.232535612535614,16.81
71.898,12.231965811965813,16.9
71.908,12.231396011396011,16.88
71.918,12.230826210826212,16.9
71.928,12.23025641025641,16.88
71.938,12.22968660968661,16.86
72.108,12.22,16.874847161572053
72.118,12.26,16.875720524017467
72.128,12.24,16.87659388646288
72.138,12.24,16.877467248908296
72.148,12.24,16.87834061135371
72.158,12.22,16.879213973799125
72.167,12.202000000000009,16.88
72.168,12.2,16.88200000000001
72.177,12.2,16.9
72.178,12.2,16.903999999999964
72.187,12.20875,16.94
72.197,12.218472222222227,16.96
72.207,12.22819444444444,17.01
72.217,12.237916666666669,17.05
72.227,12.247638888888895,17.13
72.237,12.25736111111111,17.18
72.406,12.421666666666678,20.34
72.416,12.431388888888891,20.37
72.426,12.441111111111118,20.56
72.436,12.450833333333346,20.63
72.446,12.46055555555556,20.82
72.456,12.470277777777786,20.94
72.466,12.48,21.11
72.476,12.42,21.42
72.486,12.42,21.503720930232603
72.496,12.42,21.587441860465088
72.506,12.46,21.67116279069769
72.516,12.49,21.75488372093029
72.526,12.49,21.838604651162775
72.536,12.48,21.922325581395377
72.648,12.72233918128655,22.86
72.658,12.743976608187147,22.86
72.668,12.765614035087744,22.66
72.678,12.787251461988308,22.83
72.688,12.808888888888905,23.01
72.698,12.830526315789472,23.14
72.707,12.85,23.113000000000014
72.708,12.855000000000022,23.11
72.717,12.9,23.25399999999993
72.718,12.906000000000025,23.27
72.727,12.96,23.267305389221555
72.737,13.16,23.264311377245512
72.747,13.2,23.261317365269463
72.757,13.39,23.258323353293413
72.767,13.54,23.255329341317367
72.777,13.64,23.252335329341317
72.885,15.91302325581408,23.22
72.895,16.12348837209296,23.11
72.905,16.333953488372142,23.06
72.915,16.544418604651323,23.22
72.925,16.754883720930206,23.01
72.935,16.965348837209387,23.09
72.945,17.17581395348827,22.89
72.949,17.26,22.930000000000028
72.955,17.158000000000047,22.99
72.959,17.09,22.93883720930226
72.969,16.98,22.81093023255819
72.979,16.94,22.683023255813936
72.989,16.81,22.555116279069683
72.999,16.79,22.42720930232561
73.009,16.75,22.299302325581355
73.019,16.81,22.171395348837102
73.127,16.635389221556903,20.79
73.137,16.619221556886238,20.67
73.147,16.60305389221557,20.6
73.157,16.586886227544927,20.58
73.167,16.57071856287426,20.53
73.177,16.554550898203594,20.53
73.186,16.54,20.484999999999957
73.187,16.54599999999995,20.48
73.196,16.6,20.41700000000003
73.197,16.591999999999967,20.41
73.206,16.52,20.385454545454543
73.216,16.35,20.35818181818184
73.226,16.25,20.3309090909091
73.236,16.27,20.303636363636357
73.246,16.25,20.276363636363655
73.256,16.21,20.249090909090913
73.428,15.033549783549777,19.78
73.438,14.965151515151472,19.76
73.448,14.896753246753264,19.76
73.458,14.828354978354959,19.76
73.468,14.759956709956654,19.69
73.478,14.691558441558445,19.71
73.487,14.63,19.736999999999988
73.488,14.627999999999993,19.74
73.497,14.61,19.775999999999982
73.498,14.603999999999974,19.78
73.507,14.55,19.82366863905326
73.517,14.53,19.872189349112386
73.527,14.53,19.920710059171583
73.537,14.53,19.96923076923078
73.547,14.49,20.01775147928991
73.557,14.47,20.066272189349107
73.667,14.40567251461988,20.6
73.677,14.399824561403502,20.53
73.687,14.393976608187133,20.51
73.697,14.388128654970755,20.56
73.707,14.382280701754386,20.65
73.717,14.376432748538008,20.65
73.727,14.370584795321632,20.77
73.728,14.37,20.774999999999956
73.737,14.352000000000007,20.82
73.738,14.35,20.815964912280684
73.748,14.35,20.77561403508768
73.758,14.35,20.735263157894735
73.768,14.35,20.694912280701736
73.778,14.31,20.654561403508733
73.788,14.28,20.61421052631579
73.798,14.28,20.573859649122788
73.908,14.097751479289938,20.13
73.918,14.08118343195265,20.06
73.928,14.064615384615388,20.13
73.938,14.048047337278101,20.08
73.948,14.031479289940838,20.11
73.958,14.014911242603551,20.06
73.967,14.0,20.04200000000001
73.968,14.0,20.04
73.977,14.0,19.949999999999918
73.978,13.998000000000017,19.94
73.987,13.98,19.920411764705882
73.997,13.96,19.89864705882352
74.007,13.95,19.876882352941156
74.017,13.93,19.855117647058822
74.027,13.89,19.833352941176457
74.037,13.95,19.811588235294096
74.148,13.964415584415583,19.57
74.158,13.965714285714286,19.57
74.168,13.967012987012987,19.5
74.178,13.968311688311688,19.46
74.188,13.96961038961039,19.5
74.198,13.970909090909089,19.55
74.208,13.972207792207792,19.53
74.218,13.973506493506495,19.57
74.268,13.98,19.506681222707428
74.278,14.02,19.494017467248906
74.288,14.02,19.4813537117904
74.298,14.0,19.46868995633188
74.308,13.96,19.456026200873357
74.318,14.0,19.443362445414856
74.328,13.98,19.430698689956333
74.338,13.95,19.41803493449783
74.447,14.112202380952388,19.28
74.457,14.127083333333326,19.23
74.467,14.141964285714286,19.23
74.477,14.156845238095244,19.28
74.487,14.171726190476182,19.32
74.497,14.186607142857142,19.28
74.506,14.2,19.28
74.507,14.211000000000046,19.28
74.516,14.31,19.298000000000016
74.517,14.308000000000018,19.3
74.526,14.29,19.29271676300578
74.536,14.31,19.284624277456643
74.546,14.33,19.276531791907505
74.556,14.33,19.26843930635838
74.566,14.31,19.260346820809243
74.576,14.29,19.25225433526012
74.69,14.18459854014598,19.16
74.7,14.175352798053519,19.16
74.71,14.16610705596107,19.12
74.72,14.156861313868609,19.18
74.73,14.147615571776146,19.14
74.74,14.138369829683697,19.09
74.75,14.129124087591235,19.07
74.76,14.119878345498773,19.07
74.929,13.963625304136245,19.09
74.939,13.954379562043798,19.0
74.949,13.945133819951335,18.98
74.959,13.935888077858873,18.96
74.969,13.926642335766424,18.96
74.979,13.917396593673962,18.89
74.987,13.91,18.905999999999985
74.989,13.91,18.91
74.997,13.91,18.87799999999999
74.999,13.902000000000022,18.87
75.007,13.87,18.860697674418596
75.017,13.85,18.84906976744186
75.027,13.85,18.837441860465113
75.037,13.83,18.825813953488364
75.047,13.83,18.81418604651163
75.057,13.77,18.80255813953488
75.171,13.702941176470585,18.67
75.181,13.697058823529414,18.71
75.191,13.691176470588236,18.71
75.201,13.685294117647064,18.76
75.211,13.679411764705884,18.8
75.221,13.673529411764704,18.8
75.231,13.667647058823533,18.76
75.241,13.661764705882355,18.71
75.346,13.6,18.72265060240964
75.356,13.6,18.723855421686746
75.366,13.6,18.725060240963856
75.376,13.58,18.726265060240966
75.386,13.6,18.727469879518072
75.396,13.56,18.72867469879518
75.406,13.56,18.72987951807229
75.407,13.554000000000052,18.73
75.416,13.5,18.756999999999987
75.417,13.499781553398057,18.76
75.427,13.497597087378638,18.76
75.437,13.495412621359224,18.71
75.447,13.493228155339805,18.69
75.457,13.491043689320389,18.64
75.467,13.48885922330097,18.69
75.477,13.486674757281552,18.62
75.647,13.449538834951456,18.4
75.657,13.44735436893204,18.38
75.667,13.445169902912621,18.35
75.677,13.442985436893203,18.33
75.687,13.440800970873788,18.33
75.697,13.43861650485437,18.38
75.707,13.436432038834953,18.29
75.717,13.434247572815535,18.31
75.828,13.41,18.22658959537572
75.838,13.41,18.219075144508675
75.848,13.39,18.21156069364162
75.858,13.35,18.204046242774563
75.868,13.37,18.196531791907518
75.878,13.31,18.18901734104046
75.888,13.33,18.181502890173405
75.89,13.337999999999989,18.18
75.898,13.37,18.195999999999984
75.9,13.369391304347822,18.2
75.91,13.366347826086956,18.13
75.92,13.363304347826086,18.15
75.93,13.360260869565213,18.09
75.94,13.357217391304347,18.11
75.95,13.354173913043477,18.11
75.96,13.35113043478261,18.09
76.128,13.3,17.99421052631579
76.138,13.28,17.988508771929823
76.148,13.31,17.982807017543863
76.158,13.31,17.977105263157895
76.168,13.3,17.971403508771928
76.178,13.3,17.965701754385968
76.188,13.28,17.96
76.198,13.24,17.96
76.208,13.235294117647056,17.96
76.218,13.230588235294114,17.93
76.228,13.225882352941177,17.93
76.238,13.221176470588233,17.91
76.248,13.216470588235289,17.89
76.258,13.211764705882352,17.87
76.368,13.16,17.908372093023253
76.378,13.15,17.911860465116277
76.388,13.13,17.915348837209304
76.398,13.15,17.91883720930232
76.408,13.16,17.92232558139535
76.418,13.13,17.925813953488372
76.428,13.15,17.929302325581393
76.43,13.141999999999966,17.93
76.438,13.11,17.93
76.44,13.108958333333335,17.93
76.45,13.10375,17.93
76.46,13.098541666666671,17.89
76.47,13.093333333333334,17.91
76.48,13.088124999999998,17.91
76.49,13.08291666666667,17.89
76.5,13.077708333333334,17.89
76.726,12.96,17.756597222222222
76.736,13.0,17.750694444444438
76.746,12.96,17.744791666666668
76.756,12.96,17.738888888888887
76.766,12.98,17.732986111111106
76.776,12.98,17.727083333333333
76.786,12.94,17.721180555555552
76.788,12.94,17.72
76.796,12.94,17.72
76.798,12.939537572254336,17.72
76.808,12.937225433526011,17.72
76.818,12.934913294797688,17.74
76.828,12.932601156069364,17.72
76.838,12.930289017341043,17.72
76.848,12.927976878612718,17.74
76.858,12.925664739884393,17.72
76.969,12.9,17.661918604651166
76.979,12.92,17.656686046511627
76.989,12.9,17.65145348837209
76.999,12.9,17.64622093023256
77.009,12.9,17.640988372093023
77.019,12.92,17.635755813953484
77.029,12.94,17.630523255813955
77.03,12.937999999999992,17.63
77.039,12.92,17.64799999999999
77.04,12.919349112426032,17.65
77.05,12.912840236686392,17.67
77.06,12.906331360946744,17.61
77.07,12.899822485207105,17.65
77.08,12.893313609467457,17.72
77.09,12.886804733727809,17.74
77.1,12.88029585798817,17.74
77.208,12.81,17.72706586826347
77.218,12.81,17.725868263473053
77.228,12.81,17.724670658682633
77.238,12.81,17.723473053892214
77.248,12.85,17.722275449101794
77.258,12.81,17.721077844311377
77.267,12.774000000000017,17.72
77.268,12.77,17.71499999999998
77.277,12.787999999999991,17.67
77.278,12.79,17.667999999999992
77.287,12.786294117647058,17.65
77.297,12.782176470588238,17.67
77.307,12.778058823529411,17.67
77.317,12.773941176470592,17.67
77.327,12.769823529411767,17.65
77.337,12.76570588235294,17.65
77.448,12.72,17.747368421052627
77.458,12.73,17.756140350877192
77.468,12.72,17.76491228070176
77.478,12.73,17.773684210526312
77.488,12.75,17.78245614035088
77.498,12.75,17.791228070175446
77.508,12.73,17.8
77.518,12.7,17.82
77.528,12.701744186046511,17.82
77.538,12.703488372093021,17.82
77.548,12.705232558139535,17.8
77.558,12.706976744186047,17.78
77.568,12.708720930232557,17.78
77.578,12.71046511627907,17.78
77.69,12.73,17.806508875739645
77.7,12.75,17.80887573964497
77.71,12.77,17.811242603550294
77.72,12.77,17.81360946745562
77.73,12.72,17.815976331360947
77.74,12.75,17.818343195266273
77.747,12.764000000000003,17.82
77.75,12.77,17.82
77.757,12.741999999999994,17.82
77.76,12.73,17.829000000000008
77.767,12.728928571428574,17.85
77.777,12.727397959183675,17.85
77.787,12.725867346938776,17.85
77.797,12.724336734693878,17.82
77.807,12.72280612244898,17.82
77.817,12.721275510204084,17.85
77.956,12.7,17.85
77.966,12.68,17.85
77.976,12.68,17.85
77.986,12.7,17.85
77.996,12.66,17.85
77.997,12.664000000000017,17.85
78.006,12.7,17.823000000000015
78.007,12.7,17.82
78.016,12.7,17.847000000000026
78.017,12.696000000000033,17.85
78.026,12.66,17.80500000000002
78.027,12.66026845637584,17.8
78.037,12.66295302013423,17.8
78.047,12.665637583892618,17.76
78.057,12.668322147651008,17.74
78.067,12.671006711409396,17.76
78.175,12.7,17.664142011834322
78.185,12.66,17.655266272189348
78.195,12.7,17.646390532544387
78.205,12.64,17.637514792899413
78.215,12.68,17.62863905325444
78.225,12.68,17.619763313609475
78.235,12.66,17.6108875739645
78.236,12.657999999999992,17.61
78.245,12.64,17.591999999999985
78.246,12.639820359281439,17.59
78.256,12.638023952095809,17.59
78.266,12.636227544910179,17.59
78.276,12.634431137724553,17.59
78.286,12.632634730538923,17.59
78.296,12.630838323353293,17.56
78.306,12.629041916167667,17.59
78.412,12.61,17.517124999999993
78.422,12.64,17.51025
78.432,12.61,17.503374999999995
78.442,12.62,17.4965
78.452,12.62,17.489624999999997
78.462,12.59,17.482749999999996
78.466,12.601999999999983,17.48
78.472,12.62,17.491999999999994
78.476,12.62,17.5
78.482,12.62,17.476000000000013
78.486,12.619766081871344,17.46
78.496,12.619181286549708,17.46
78.506,12.61859649122807,17.46
78.516,12.618011695906432,17.43
78.526,12.617426900584794,17.43
78.536,12.616842105263157,17.48
78.653,12.61,17.419828571428567
78.663,12.59,17.414685714285717
78.673,12.62,17.409542857142856
78.683,12.61,17.404399999999995
78.693,12.61,17.399257142857145
78.703,12.62,17.394114285714284
78.711,12.579999999999986,17.39
78.713,12.57,17.39
78.721,12.602000000000022,17.39
78.723,12.61,17.39
78.731,12.61,17.39
78.741,12.61,17.37
78.751,12.61,17.39
78.761,12.61,17.39
78.771,12.61,17.39
78.781,12.61,17.35
78.891,12.61,17.544117647058837
78.901,12.62,17.56176470588235
78.911,12.66,17.579411764705892
78.921,12.68,17.59705882352943
78.931,12.72,17.614705882352943
78.941,12.77,17.632352941176485
78.951,12.81,17.65
78.961,12.85,17.74
78.971,12.872155688622765,17.78
78.981,12.894311377245499,17.78
78.991,12.916467065868265,17.87
79.001,12.93862275449103,17.87
79.011,12.960778443113766,17.87
79.021,12.982934131736531,17.87
79.128,13.22,18.11547058823529
79.138,13.3,18.138411764705893
79.148,13.37,18.161352941176457
79.158,13.47,18.18429411764706
79.168,13.45,18.20723529411766
79.178,13.5,18.230176470588226
79.188,13.47,18.253117647058826
79.191,13.463999999999995,18.26
79.198,13.45,18.246000000000006
79.201,13.44736842105263,18.24
79.211,13.438596491228065,18.22
79.221,13.4298245614035,18.22
79.231,13.421052631578947,18.15
79.241,13.412280701754382,18.18
79.251,13.403508771929816,18.15
79.261,13.394736842105264,18.13
79.369,13.3,18.005752212389375
79.379,13.3,17.994247787610608
79.389,13.28,17.982743362831858
79.399,13.28,17.97123893805309
79.409,13.26,17.959734513274324
79.419,13.24,17.948230088495574
79.429,13.24,17.936725663716807
79.439,13.24,17.925221238938057
79.487,13.200689655172415,17.87
79.497,13.192499999999997,17.89
79.507,13.18431034482758,17.85
79.517,13.176120689655175,17.82
79.527,13.167931034482757,17.85
79.537,13.15974137931034,17.8
79.547,13.151551724137933,17.8
79.557,13.143362068965516,17.78
79.671,13.05,17.707514450867052
79.681,13.03,17.701156069364167
79.691,13.03,17.694797687861275
79.701,13.03,17.68843930635839
79.711,13.07,17.682080924855498
79.721,13.03,17.675722543352602
79.73,12.984999999999957,17.67
79.731,12.98,17.666000000000036
79.74,12.997999999999992,17.63
79.741,13.0,17.62799999999999
79.75,13.0,17.61
79.76,13.0,17.63
79.77,13.0,17.61
79.78,13.0,17.59
79.79,13.0,17.59
79.8,13.0,17.56
79.97,13.0,17.56
79.98,13.0,17.56
79.99,13.0,17.52
80.0,13.0,17.54
80.01,13.0,17.52
80.02,13.0,17.52
80.029,13.0,17.52
80.03,13.0,17.52
80.039,13.0,17.50200000000001
80.04,12.995999999999983,17.5
80.049,12.96,17.497831325301206
80.059,12.98,17.49542168674699
80.069,12.96,17.49301204819277
80.079,12.96,17.49060240963856
80.089,12.96,17.48819277108434
80.099,13.0,17.48578313253012
80.206,12.97038062283737,17.46
80.216,12.967612456747407,17.46
80.226,12.96484429065744,17.43
80.236,12.962076124567474,17.48
80.246,12.959307958477511,17.46
80.256,12.956539792387545,17.48
80.266,12.953771626297577,17.46
80.276,12.951003460207614,17.48
80.388,12.92,17.472302405498283
80.398,12.9,17.471615120274915
80.408,12.88,17.470927835051548
80.418,12.92,17.47024054982818
80.428,12.88,17.469553264604812
80.438,12.9,17.468865979381444
80.448,12.92,17.468178694158077
80.458,12.9,17.46749140893471
80.567,12.9,17.46
80.577,12.9,17.43
80.587,12.9,17.41
80.597,12.9,17.41
80.607,12.9,17.43
80.617,12.9,17.43
80.627,12.9,17.37
80.637,12.9,17.35
80.752,12.9,17.275588235294123
80.762,12.94,17.269117647058824
80.772,12.98,17.262647058823525
80.782,12.94,17.256176470588237
80.792,12.96,17.24970588235294
80.802,12.94,17.243235294117643
80.807,12.93,17.24
80.812,12.92,17.229999999999997
80.817,12.910000000000014,17.22
80.822,12.9,17.209999999999987
80.827,12.89686411149826,17.2
80.837,12.890592334494773,17.2
80.847,12.884320557491295,17.2
80.857,12.878048780487807,17.22
80.867,12.871777003484318,17.22
80.877,12.86550522648084,17.2
81.048,12.758257839721251,17.13
81.058,12.751986062717764,17.11
81.068,12.745714285714286,17.13
81.078,12.739442508710797,17.11
81.088,12.733170731707318,17.11
81.098,12.726898954703831,17.13
81.108,12.720627177700344,17.22
81.109,12.72,17.230999999999906
81.118,12.78299999999997,17.33
81.119,12.79,17.35682352941189
81.129,12.72,17.625058823529674
81.139,12.73,17.893294117647073
81.149,12.75,18.161529411764853
81.159,12.72,18.429764705882636
81.169,12.72,18.698000000000036
81.179,12.73,18.96623529411782
81.288,12.723625730994153,21.89
81.298,12.723040935672515,22.11
81.308,12.722456140350877,22.26
81.318,12.72187134502924,22.46
81.328,12.721286549707603,22.56
81.338,12.720701754385965,22.94
81.348,12.720116959064327,23.47
81.35,12.72,23.45600000000004
81.358,12.703999999999988,23.4
81.36,12.7,23.39541176470589
81.37,12.75,23.37247058823529
81.38,12.72,23.349529411764724
81.39,12.75,23.326588235294125
81.4,12.72,23.303647058823525
81.41,12.73,23.280705882352958
81.42,12.75,23.25776470588236
81.528,15.308571428571645,23.01
81.538,15.545476190476203,22.83
81.548,15.782380952381097,22.86
81.558,16.019285714285992,23.04
81.568,16.256190476190547,23.06
81.578,16.493095238095442,23.14
81.588,16.73,23.27
81.598,16.81,23.22
81.608,16.86,23.218224852071003
81.618,16.86,23.21644970414201
81.628,16.92,23.214674556213016
81.638,16.98,23.21289940828402
81.648,17.05,23.211124260355028
81.658,16.92,23.209349112426036
81.767,16.497861271676328,23.19
81.777,16.459132947976883,23.06
81.787,16.42040462427744,22.99
81.797,16.381676300578057,22.94
81.807,16.342947976878616,22.91
81.817,16.304219653179228,22.89
81.827,16.265491329479786,22.68
81.831,16.25,22.671999999999993
81.837,16.25,22.66
81.841,16.25,22.634718614718672
81.851,16.23,22.571515151515175
81.861,16.5,22.50831168831168
81.871,16.56,22.44510822510827
81.881,16.62,22.381904761904774
81.891,16.46,22.318701298701278
81.901,16.6,22.25549783549787
82.068,15.7058849557522,21.2
82.078,15.652345132743324,21.15
82.088,15.598805309734523,21.18
82.098,15.545265486725645,21.23
82.108,15.491725663716768,21.13
82.118,15.438185840707968,21.01
82.127,15.39,20.90200000000005
82.128,15.381999999999966,20.89
82.137,15.31,20.84500000000002
82.138,15.316000000000026,20.84
82.147,15.37,20.949821428571436
82.157,15.45,21.071845238095143
82.167,15.45,21.19386904761902
82.177,15.33,21.3158928571429
82.187,15.37,21.437916666666602
82.197,15.29,21.55994047619048
82.306,15.357889273356397,22.89
82.316,15.364117647058823,22.99
82.326,15.37034602076124,22.89
82.336,15.376574394463665,22.76
82.346,15.38280276816609,22.58
82.356,15.389031141868507,22.38
82.366,15.395259515570931,22.18
82.376,15.401487889273357,22.13
82.486,15.47,21.60894736842103
82.496,15.43,21.561578947368442
82.506,15.43,21.514210526315782
82.516,15.45,21.466842105263126
82.526,15.37,21.419473684210534
82.536,15.29,21.372105263157877
82.546,15.25,21.324736842105217
82.547,15.240000000000085,21.32
82.556,15.15,21.30200000000001
82.557,15.148497109826582,21.3
82.567,15.133468208092493,21.3
82.577,15.11843930635838,21.25
82.587,15.10341040462427,21.23
82.597,15.08838150289018,21.13
82.607,15.073352601156067,21.15
82.617,15.058323699421956,21.15
82.729,14.89,21.12364705882353
82.739,14.89,21.121294117647057
82.749,14.93,21.11894117647059
82.759,15.03,21.116588235294117
82.769,15.03,21.114235294117645
82.779,15.01,21.11188235294118
82.787,15.074000000000046,21.11
82.789,15.09,21.09000000000003
82.797,15.201999999999881,21.01
82.799,15.23,21.034000000000102
82.807,15.222470588235298,21.13
82.817,15.213058823529424,21.08
82.827,15.203647058823536,21.2
82.837,15.194235294117648,21.25
82.847,15.184823529411773,21.18
82.857,15.175411764705885,21.03
82.969,15.07,20.411395348837228
82.979,15.01,20.356162790697663
82.989,14.99,20.3009302325581
82.999,14.93,20.24569767441861
83.009,14.89,20.19046511627905
83.019,14.87,20.135232558139485
83.029,14.81,20.08
83.039,14.79,20.13
83.049,14.760414201183416,20.15
83.059,14.730828402366873,20.13
83.069,14.70124260355029,20.11
83.079,14.671656804733749,20.06
83.089,14.642071005917165,20.06
83.099,14.612485207100582,19.99
83.208,14.29,19.784823529411778
83.218,14.28,19.766000000000002
83.228,14.28,19.747176470588258
83.238,14.24,19.72835294117648
83.248,14.2,19.70952941176471
83.258,14.24,19.69070588235296
83.268,14.26,19.671882352941186
83.269,14.26,19.67
83.278,14.26,19.67
83.279,14.260116959064327,19.67
83.289,14.261286549707602,19.62
83.299,14.262456140350878,19.62
83.309,14.263625730994152,19.57
83.319,14.264795321637427,19.57
83.329,14.265964912280701,19.5
83.339,14.267134502923975,19.5
83.449,14.28,19.278698224852068
83.459,14.31,19.258579881656793
83.469,14.29,19.238461538461543
83.479,14.26,19.218343195266264
83.489,14.24,19.19822485207099
83.499,14.22,19.17810650887574
83.508,14.202000000000009,19.16
83.509,14.2,19.16200000000001
83.518,14.164000000000017,19.18
83.519,14.16,19.17799999999999
83.528,14.143392857142857,19.16
83.538,14.12494047619049,19.16
83.548,14.106488095238099,19.16
83.558,14.088035714285708,19.14
83.568,14.069583333333343,19.16
83.578,14.051130952380952,19.16
83.687,13.85,19.045930232558142
83.697,13.83,19.035465116279067
83.707,13.81,19.02500000000001
83.717,13.79,19.014534883720934
83.727,13.79,19.00406976744186
83.737,13.83,18.993604651162798
83.747,13.77,18.983139534883723
83.75,13.775999999999996,18.98
83.757,13.79,18.965999999999998
83.76,13.78841176470588,18.96
83.77,13.783117647058827,18.96
83.78,13.777823529411766,19.0
83.79,13.772529411764705,19.07
83.8,13.76723529411765,19.07
83.81,13.76194117647059,19.07
83.82,13.756647058823535,19.0
83.927,13.7,18.916204819277105
83.937,13.7,18.90837349397591
83.947,13.7,18.900542168674697
83.957,13.71,18.8927108433735
83.967,13.68,18.884879518072292
83.977,13.66,18.877048192771085
83.986,13.678000000000017,18.87
83.987,13.68,18.871999999999986
83.996,13.724999999999978,18.89
83.997,13.73,18.885999999999985
84.006,13.724342857142858,18.85
84.016,13.71805714285714,18.87
84.026,13.711771428571431,18.87
84.036,13.705485714285713,18.85
84.046,13.699199999999996,18.85
84.056,13.692914285714286,18.85
84.172,13.62,18.770457142857143
84.182,13.62,18.763599999999997
84.192,13.58,18.75674285714286
84.202,13.6,18.749885714285714
84.212,13.6,18.743028571428567
84.222,13.6,18.736171428571428
84.231,13.582000000000008,18.73
84.232,13.58,18.725999999999985
84.241,13.633999999999975,18.69
84.242,13.64,18.69200000000001
84.251,13.63360946745562,18.71
84.261,13.62650887573965,18.71
84.271,13.619408284023672,18.73
84.281,13.612307692307692,18.71
84.291,13.605207100591722,18.73
84.301,13.598106508875741,18.73
84.411,13.52,18.643855421686748
84.421,13.54,18.636024096385537
84.431,13.54,18.62819277108434
84.441,13.56,18.620361445783132
84.451,13.5,18.612530120481935
84.461,13.52,18.604698795180724
84.467,13.508000000000006,18.6
84.471,13.5,18.6
84.477,13.524000000000022,18.6
84.481,13.54,18.6
84.487,13.541066666666666,18.6
84.497,13.542844444444444,18.58
84.507,13.544622222222223,18.58
84.517,13.546399999999998,18.6
84.527,13.548177777777777,18.55
84.537,13.549955555555556,18.53
84.706,13.58,18.54450643776824
84.716,13.56,18.545364806866953
84.726,13.58,18.546223175965665
84.736,13.56,18.54708154506438
84.746,13.54,18.54793991416309
84.756,13.58,18.548798283261803
84.766,13.56,18.549656652360518
84.77,13.552000000000012,18.55
84.776,13.54,18.55
84.78,13.538758620689652,18.55
84.79,13.53565517241379,18.55
84.8,13.53255172413793,18.55
84.81,13.529448275862066,18.53
84.82,13.526344827586207,18.51
84.83,13.523241379310344,18.51
84.84,13.52013793103448,18.53
85.007,13.468310344827584,18.51
85.017,13.465206896551726,18.49
85.027,13.462103448275862,18.51
85.037,13.458999999999998,18.51
85.047,13.45589655172414,18.51
85.057,13.452793103448276,18.46
85.066,13.45,18.46
85.067,13.451999999999982,18.46
85.076,13.47,18.486999999999988
85.077,13.47,18.49
85.086,13.47,18.49102857142857
85.096,13.45,18.492171428571428
85.106,13.45,18.493314285714284
85.116,13.45,18.494457142857144
85.126,13.47,18.4956
85.136,13.43,18.496742857142856
85.252,13.470701754385964,18.51
85.262,13.47421052631579,18.46
85.272,13.477719298245615,18.51
85.282,13.481228070175437,18.51
85.292,13.484736842105264,18.49
85.302,13.48824561403509,18.44
85.307,13.49,18.450000000000003
85.312,13.469999999999999,18.46
85.317,13.45,18.44000000000003
85.322,13.45,18.42
85.327,13.45,18.42
85.337,13.45,18.42
85.347,13.45,18.42
85.357,13.45,18.42
85.367,13.45,18.42
85.377,13.45,18.42
85.487,13.462941176470588,18.42
85.497,13.464117647058824,18.42
85.507,13.46529411764706,18.4
85.517,13.466470588235294,18.4
85.527,13.46764705882353,18.46
85.537,13.468823529411766,18.44
85.547,13.47,18.44
85.557,13.47,18.42
85.567,13.47,18.421156069364162
85.577,13.49,18.422312138728326
85.587,13.47,18.423468208092487
85.597,13.47,18.424624277456648
85.607,13.47,18.42578034682081
85.617,13.45,18.426936416184972
85.73,13.476432748538013,18.44
85.74,13.47877192982456,18.4
85.75,13.481111111111112,18.4
85.76,13.483450292397663,18.4
85.77,13.48578947368421,18.35
85.78,13.488128654970762,18.35
85.788,13.49,18.334000000000017
85.79,13.49,18.33
85.798,13.49,18.346000000000007
85.8,13.491999999999994,18.35
85.808,13.5,18.347159763313606
85.818,13.5,18.34360946745562
85.828,13.47,18.34005917159763
85.838,13.49,18.336508875739646
85.848,13.43,18.332958579881655
85.858,13.47,18.329408284023668
85.969,13.489588235294116,18.29
85.979,13.49135294117647,18.29
85.989,13.493117647058824,18.26
85.999,13.494882352941175,18.29
86.009,13.496647058823529,18.29
86.019,13.498411764705882,18.26
86.028,13.5,18.305000000000042
86.029,13.497000000000025,18.31
86.038,13.47,18.24700000000003
86.039,13.473000000000013,18.24
86.048,13.5,18.237869822485205
86.058,13.45,18.23550295857988
86.068,13.45,18.233136094674556
86.078,13.47,18.23076923076923
86.088,13.41,18.228402366863907
86.098,13.43,18.226035502958577
86.208,13.333508771929829,18.2
86.218,13.324736842105263,18.2
86.228,13.315964912280709,18.15
86.238,13.307192982456144,18.2
86.248,13.298421052631578,18.18
86.258,13.289649122807026,18.18
86.268,13.28087719298246,18.18
86.269,13.28,18.17299999999997
86.278,13.298000000000018,18.11
86.279,13.3,18.109882352941177
86.289,13.28,18.10870588235294
86.299,13.3,18.107529411764705
86.309,13.26,18.10635294117647
86.319,13.26,18.105176470588233
86.329,13.26,18.104
86.339,13.26,18.102823529411765
86.448,13.221071428571431,18.09
86.458,13.217500000000001,18.11
86.468,13.213928571428571,18.11
86.478,13.210357142857145,18.09
86.488,13.206785714285715,18.09
86.498,13.203214285714285,18.07
86.507,13.2,18.088000000000015
86.508,13.2,18.09
86.517,13.2,18.09
86.518,13.197999999999992,18.09
86.527,13.18,18.08736842105263
86.537,13.18,18.084444444444443
86.547,13.2,18.081520467836256
86.557,13.15,18.07859649122807
86.567,13.16,18.075672514619885
86.577,13.15,18.072748538011695
86.689,13.124400000000001,18.04
86.699,13.122114285714286,18.07
86.709,13.11982857142857,18.07
86.719,13.117542857142857,18.07
86.729,13.115257142857141,18.07
86.739,13.112971428571425,18.07
86.749,13.110685714285713,18.07
86.752,13.11,18.07
86.759,13.124000000000002,18.07
86.762,13.13,18.069467455621304
86.772,13.13,18.067692307692308
86.782,13.13,18.065917159763313
86.792,13.15,18.06414201183432
86.802,13.13,18.062366863905325
86.812,13.13,18.060591715976333
86.822,13.15,18.058816568047337
86.928,13.098915662650604,18.04
86.938,13.094096385542167,18.07
86.948,13.08927710843374,18.02
86.958,13.084457831325302,18.0
86.968,13.079638554216865,18.0
86.978,13.074819277108437,18.07
86.988,13.07,18.0
86.998,13.09,18.0
87.008,13.07,18.0
87.018,13.09,18.0
87.028,13.09,18.0
87.038,13.05,18.0
87.048,13.07,18.0
87.058,13.07,18.0
87.167,13.07,18.0
87.177,13.07,18.02
87.187,13.07,17.96
87.197,13.07,18.0
87.207,13.07,17.93
87.217,13.07,17.96
87.227,13.07,17.98
87.229,13.07,17.98
87.237,13.038000000000034,17.98
87.239,13.03,17.97872093023255
87.249,13.07,17.97232558139535
87.259,13.03,17.965930232558136
87.269,13.07,17.959534883720924
87.279,13.01,17.95313953488372
87.289,13.05,17.94674418604651
87.299,13.05,17.9403488372093
87.409,13.024117647058821,17.87
87.419,13.021764705882353,17.89
87.429,13.01941176470588,17.89
87.439,13.017058823529412,17.89
87.449,13.01470588235294,17.87
87.459,13.012352941176468,17.89
87.469,13.01,17.89
87.479,13.03,17.91
87.489,13.03,17.90825327510917
87.499,13.01,17.906506550218342
87.509,12.98,17.90475982532751
87.519,13.0,17.90301310043668
87.529,13.01,17.901266375545852
87.539,13.0,17.899519650655023
87.708,12.985240174672489,17.87
87.718,12.984366812227075,17.85
87.728,12.98349344978166,17.89
87.738,12.982620087336246,17.87
87.748,12.98174672489083,17.89
87.758,12.980873362445415,17.93
87.768,12.98,17.87
87.778,12.98,17.89
87.788,13.0,17.884767441860472
87.798,12.98,17.879534883720932
87.808,13.0,17.874302325581397
87.818,12.98,17.869069767441864
87.828,13.01,17.86383720930233
87.838,12.96,17.858604651162796
87.95,12.96,17.8
87.96,12.96,17.85
87.97,12.96,17.82
87.98,12.96,17.82
87.99,12.96,17.85
88.0,12.96,17.82
88.01,12.96,17.8
88.02,12.98,17.82
88.03,13.0,17.82
88.04,12.96,17.82
88.05,12.98,17.82
88.06,12.94,17.82
88.07,12.98,17.82
88.08,12.98,17.82
88.309,12.98,17.82
88.319,12.98,17.85
88.329,12.98,17.82
88.339,12.98,17.82
88.349,12.98,17.82
88.359,12.98,17.82
88.366,12.98,17.805999999999997
88.369,12.98,17.8
88.376,12.98,17.8
88.379,12.986000000000006,17.8
88.386,13.0,17.798343195266273
88.396,13.0,17.795976331360947
88.406,13.01,17.79360946745562
88.416,13.0,17.791242603550298
88.426,12.98,17.788875739644972
88.436,13.01,17.786508875739646
88.548,12.977816091954024,17.76
88.558,12.974942528735632,17.8
88.568,12.972068965517243,17.72
88.578,12.969195402298851,17.74
88.588,12.966321839080463,17.78
88.598,12.96344827586207,17.76
88.608,12.960574712643679,17.76
88.61,12.96,17.76
88.618,12.944000000000017,17.76
88.62,12.94,17.759526627218936
88.63,12.92,17.75715976331361
88.64,12.98,17.754792899408283
88.65,12.98,17.752426035502957
88.66,12.94,17.750059171597634
88.67,12.94,17.747692307692308
88.68,12.98,17.74532544378698
88.787,12.967337278106509,17.72
88.797,12.966153846153848,17.76
88.807,12.964970414201185,17.74
88.817,12.963786982248523,17.72
88.827,12.96260355029586,17.74
88.837,12.961420118343197,17.69
88.847,12.960236686390534,17.8
88.849,12.96,17.78799999999995
88.857,12.976000000000006,17.74
88.859,12.98,17.739767441860465
88.869,12.92,17.738604651162788
88.879,12.92,17.737441860465115
88.889,12.98,17.73627906976744
88.899,12.98,17.735116279069764
88.909,12.96,17.73395348837209
88.919,12.96,17.732790697674417
89.029,12.94682634730539,17.72
89.039,12.94562874251497,17.69
89.049,12.94443113772455,17.72
89.059,12.943233532934132,17.69
89.069,12.942035928143712,17.67
89.079,12.940838323353294,17.69
89.086,12.94,17.711000000000006
89.089,12.934000000000003,17.72
89.096,12.92,17.698999999999998
89.099,12.92,17.69
89.106,12.92,17.69
89.116,12.96,17.69
89.126,12.98,17.69
89.136,12.96,17.69
89.146,12.94,17.69
89.156,12.94,17.69
89.27,12.979537572254335,17.69
89.28,12.983005780346822,17.72
89.29,12.98647398843931,17.69
89.3,12.989942196531793,17.76
89.31,12.99341040462428,17.76
89.32,12.996878612716763,17.8
89.329,13.0,17.81799999999999
89.33,12.995999999999983,17.82
89.339,12.96,17.846999999999987
89.34,12.964000000000018,17.85
89.349,13.0,17.873712574850302
89.359,12.96,17.9000598802395
89.369,13.03,17.926407185628733
89.379,13.01,17.952754491017966
89.389,13.09,17.979101796407164
89.399,13.09,18.0054491017964
89.507,13.019285714285708,18.29
89.517,13.012738095238095,18.31
89.527,13.006190476190472,18.33
89.537,12.99964285714285,18.44
89.547,12.993095238095236,18.46
89.557,12.986547619047613,18.49
89.567,12.98,18.49
89.577,12.96,18.55
89.587,13.0,18.53571428571428
89.597,12.98,18.52142857142858
89.607,12.98,18.507142857142856
89.617,12.98,18.492857142857137
89.627,12.96,18.478571428571435
89.637,12.94,18.464285714285715
89.808,12.94,18.22
89.818,12.94,18.22
89.828,12.94,18.2
89.838,12.94,18.2
89.848,12.94,18.15
89.858,12.94,18.15
89.868,12.94,18.18
89.87,12.94,18.18
89.878,12.988000000000017,18.18
89.88,13.0,18.179649122807017
89.89,12.98,18.177894736842106
89.9,12.94,18.17614035087719
89.91,13.0,18.174385964912283
89.92,13.0,18.172631578947367
89.93,12.94,18.170877192982456
89.94,12.94,18.169122807017544
90.049,12.952899408284026,18.15
90.059,12.954082840236687,18.13
90.069,12.95526627218935,18.13
90.079,12.956449704142011,18.15
90.089,12.957633136094676,18.18
90.099,12.95881656804734,18.18
90.109,12.96,18.18
90.119,12.96,18.2
90.129,13.0,18.194705882352938
90.139,12.96,18.189411764705884
90.149,12.96,18.184117647058823
90.159,12.94,18.178823529411762
90.169,12.92,18.173529411764708
90.179,12.9,18.168235294117647
90.289,12.937671232876712,18.11
90.299,12.94109589041096,18.04
90.309,12.944520547945205,18.04
90.319,12.947945205479453,18.09
90.329,12.951369863013696,18.07
90.339,12.954794520547944,18.04
90.349,12.958219178082192,18.07
90.359,12.961643835616435,18.02
90.471,13.0,18.006586826347306
90.481,13.0,18.005389221556886
90.491,13.01,18.004191616766466
90.501,13.01,18.002994011976046
90.511,13.03,18.00179640718563
90.521,13.01,18.00059880239521
90.526,13.005000000000006,18.0
90.531,13.0,17.979999999999972
90.536,13.004999999999999,17.96
90.541,13.01,17.96
90.546,13.008484848484846,17.96
90.556,13.005454545454546,17.98
90.566,13.00242424242424,17.98
90.576,12.999393939393942,17.93
90.586,12.996363636363636,17.96
90.596,12.993333333333332,17.91
90.706,12.96,17.884857142857143
90.716,12.98,17.88257142857143
90.726,13.0,17.880285714285716
90.736,13.0,17.878
90.746,12.98,17.875714285714288
90.756,12.96,17.873428571428573
90.766,12.94,17.871142857142857
90.771,12.96,17.87
90.776,12.98,17.860000000000014
90.781,12.978843930635836,17.85
90.791,12.976531791907515,17.87
90.801,12.97421965317919,17.89
90.811,12.971907514450866,17.87
90.821,12.969595375722543,17.87
90.831,12.967283236994218,17.85
90.841,12.964971098265897,17.87
90.949,12.94,18.509053254437852
90.959,12.94,18.568224852071015
90.969,13.0,18.627396449704094
90.979,13.0,18.686568047337257
90.989,12.96,18.745739644970417
90.999,12.98,18.8049112426035
91.009,12.98,18.86408284023666
91.01,12.982000000000008,18.87
91.019,13.0,18.851999999999983
91.02,13.000935672514611,18.85
91.03,13.010292397660816,18.87
91.04,13.019649122807019,18.89
91.05,13.02900584795321,18.91
91.06,13.038362573099414,18.94
91.07,13.047719298245605,19.0
91.08,13.057076023391808,19.12
91.19,13.16,19.752335329341307
91.2,13.18,19.809820359281456
91.21,13.2,19.86730538922152
91.22,13.2,19.92479041916167
91.23,13.22,19.98227544910182
91.24,13.26,20.039760479041885
91.247,13.26,20.08
91.25,13.26,20.109999999999985
91.257,13.26,20.18
91.26,13.26,20.216000000000033
91.267,13.271597633136079,20.3
91.277,13.288165680473366,20.37
91.287,13.304733727810653,20.46
91.297,13.321301775147916,20.39
91.307,13.337869822485203,20.51
91.317,13.354437869822467,20.44
91.429,13.54,21.17156069364167
91.439,13.54,21.236878612716755
91.449,13.68,21.30219653179193
91.459,13.66,21.36751445086711
91.469,13.7,21.432832369942194
91.479,13.75,21.49815028901737
91.489,13.73,21.563468208092548
91.49,13.739999999999915,21.57
91.499,13.83,21.767999999999905
91.5,13.845058823529484,21.79
91.51,13.995647058823677,22.11
91.52,14.146235294117655,22.46
91.53,14.29682352941185,22.53
91.54,14.447411764706043,22.94
91.55,14.598000000000022,22.94
91.56,14.748588235294214,23.17
91.669,16.39,23.202440476190475
91.679,16.65,23.205416666666668
91.689,16.58,23.208392857142854
91.699,16.52,23.211369047619048
91.709,16.54,23.21434523809524
91.719,16.39,23.217321428571427
91.728,16.354000000000017,23.22
91.729,16.35,23.22
91.738,16.314000000000014,23.22
91.739,16.31,23.22500000000002
91.748,16.266071428571422,23.27
91.758,16.21726190476194,23.29
91.768,16.16845238095239,23.17
91.778,16.11964285714284,23.14
91.788,16.070833333333358,23.01
91.798,16.02202380952381,23.4
91.907,15.49,22.13585798816572
91.917,15.31,22.019881656804714
91.927,15.07,21.903905325443702
91.937,14.79,21.78792899408286
91.947,14.67,21.671952662721853
91.957,14.59,21.55597633136101
91.967,14.45,21.44
91.977,14.41,20.96
91.987,14.367558139534921,20.63
91.997,14.325116279069784,20.46
92.007,14.282674418604644,20.34
92.017,14.240232558139565,20.3
92.027,14.197790697674428,20.46
92.037,14.155348837209289,20.7
92.149,13.68,20.401775147929
92.159,13.7,20.37514792899408
92.169,13.87,20.34852071005919
92.179,14.18,20.321893491124264
92.189,14.35,20.295266272189377
92.199,14.29,20.26863905325445
92.206,14.198999999999982,20.25
92.209,14.16,20.192999999999945
92.216,14.278999999999952,20.06
92.219,14.33,20.074999999999992
92.226,14.313170731707306,20.11
92.236,14.289128919860604,20.13
92.246,14.265087108013937,20.37
92.256,14.241045296167234,20.25
92.266,14.217003484320532,20.2
92.276,14.192961672473865,20.22
92.449,13.777038327526135,19.16
92.459,13.752996515679433,19.18
92.469,13.728954703832766,19.18
92.479,13.704912891986064,19.41
92.489,13.680871080139363,19.39
92.499,13.656829268292695,19.41
92.506,13.64,19.50800000000002
92.509,13.59800000000002,19.55
92.516,13.5,19.90700000000007
92.519,13.518000000000017,20.06
92.526,13.56,20.21682926829248
92.536,13.58,20.440871080139292
92.546,13.58,20.664912891986102
92.556,13.68,20.888954703832592
92.566,13.87,21.112996515679406
92.576,13.83,21.337038327525896
92.747,14.26,25.168153310104547
92.757,14.39,25.392195121951357
92.767,14.47,25.61623693379785
92.777,14.77,25.84027874564466
92.787,14.97,26.06432055749147
92.797,15.09,26.288362369337964
92.806,14.892000000000094,26.49
92.807,14.87,26.518000000000118
92.816,14.87,26.77
92.817,14.87,26.72200000000041
92.826,14.826768558951965,26.29
92.836,14.778733624454127,26.35
92.846,14.730698689956288,26.91
92.856,14.682663755458519,27.45
92.866,14.63462882096068,28.04
92.876,14.586593886462841,27.69
93.046,13.77,25.69562770562764
93.056,13.75,25.578311688311725
93.066,13.91,25.460995670995647
93.076,13.93,25.343679653679732
93.086,13.93,25.22636363636365
93.096,13.93,25.109047619047573
93.106,13.95,24.991731601731658
93.107,13.967000000000072,24.98
93.116,14.12,25.096999999999944
93.117,14.122484076433132,25.11
93.127,14.14732484076432,25.08
93.137,14.172165605095541,25.6
93.147,14.197006369426765,24.95
93.157,14.221847133757953,24.52
93.167,14.246687898089174,24.02
93.177,14.271528662420398,23.79
93.346,14.691337579617839,18.64
93.356,14.716178343949027,18.91
93.366,14.741019108280248,19.44
93.376,14.765859872611472,20.13
93.386,14.79070063694266,20.56
93.396,14.815541401273881,20.6
93.406,14.840382165605105,20.34
93.416,14.865222929936293,19.8
93.587,15.29,20.621688311688313
93.597,15.49,20.669740259740216
93.607,15.69,20.717792207792186
93.617,15.88,20.765844155844157
93.627,16.06,20.81389610389606
93.637,16.31,20.86194805194803
93.647,16.39,20.91
93.657,16.84,21.06
93.667,16.953148788927393,21.81
93.677,17.066297577854787,22.33
93.687,17.179446366782017,22.36
93.697,17.29259515570941,22.41
93.707,17.405743944636644,22.28
93.717,17.518892733564037,22.16
93.946,20.11,25.040206185567033
93.956,20.13,25.165979381443385
93.966,20.41,25.291752577319563
93.976,20.34,25.417525773195916
93.986,19.87,25.54329896907227
93.996,19.85,25.669072164948446
94.006,19.76,25.7948453608248
94.008,19.67600000000024,25.82
94.016,19.34,25.90800000000006
94.018,19.324948453608283,25.93
94.028,19.24969072164948,26.35
94.038,19.174432989690786,26.01
94.048,19.099175257731982,25.66
94.058,19.02391752577318,25.38
94.068,18.948659793814485,25.52
94.078,18.873402061855682,25.74
94.248,17.594020618556687,29.22
94.258,17.51876288659799,29.31
94.268,17.443505154639187,29.25
94.278,17.368247422680387,30.05
94.288,17.29298969072169,30.58
94.298,17.21773195876289,30.86
94.307,17.15,30.86
94.308,17.118999999999822,30.86
94.317,16.84,30.410000000000284
94.318,16.81399999999989,30.36
94.327,16.58,30.27672413793103
94.337,16.42,30.184195402298798
94.347,16.12,30.0916666666667
94.357,15.88,29.99913793103447
94.367,15.63,29.906609195402236
94.377,15.45,29.814080459770135
94.666,15.919316239316242,27.14
94.676,15.935555555555567,27.63
94.686,15.951794871794892,28.15
94.696,15.968034188034194,27.8
94.706,15.984273504273517,27.34
94.716,16.00051282051282,27.22
94.726,16.016752136752142,27.25
94.728,16.02,27.136000000000323
94.736,16.676000000000467,26.68
94.738,16.84,26.678904494382024
94.748,17.74,26.673426966292133
94.758,18.02,26.66794943820225
94.768,18.13,26.662471910112362
94.778,18.42,26.65699438202247
94.788,18.44,26.651516853932588
94.798,18.71,26.646039325842697
94.97,18.96,26.55182584269663
94.98,18.69,26.54634831460674
94.99,18.62,26.540870786516855
95.0,18.55,26.535393258426964
95.01,18.62,26.529915730337077
95.02,18.58,26.524438202247193
95.03,18.62,26.518960674157302
95.04,18.69,26.51348314606741
95.267,18.91,26.389143258426966
95.277,19.16,26.383665730337075
95.287,19.03,26.378188202247184
95.297,18.53,26.3727106741573
95.307,18.76,26.367233146067413
95.317,18.46,26.36175561797753
95.327,18.13,26.35627808988764
95.337,18.0,26.350800561797747
95.448,18.707543859649093,26.29
95.458,18.771286549707607,26.66
95.468,18.835029239766122,26.38
95.478,18.898771929824544,26.21
95.488,18.96251461988306,25.68
95.498,19.026257309941574,24.9
95.508,19.09,24.05
95.518,18.89,24.26
95.528,18.87,24.24034682080924
95.538,18.2,24.220693641618507
95.548,17.09,24.201040462427745
95.558,16.62,24.181387283236983
95.568,18.0,24.16173410404625
95.578,18.67,24.142080924855488
95.691,17.205680473372762,23.92
95.701,17.07609467455631,23.73
95.711,16.94650887573967,23.68
95.721,16.816923076923036,23.47
95.731,16.687337278106583,23.27
95.741,16.557751479289944,22.83
95.747,16.48,22.590000000000114
95.751,16.327999999999893,22.43
95.757,16.1,22.327999999999903
95.761,15.976000000000177,22.26
95.767,15.79,22.573928571428574
95.777,15.65,23.097142857143105
95.787,15.67,23.62035714285764
95.797,15.77,24.14357142857143
95.807,15.69,24.666785714285965
95.817,15.61,25.189999999999753
95.929,18.027882352941347,31.05
95.939,18.243764705882324,30.02
95.949,18.45964705882361,29.8
95.959,18.675529411764895,29.25
95.969,18.89141176470587,29.47
95.979,19.107294117647157,29.25
95.987,19.28,28.890000000000384
95.989,19.312000000000136,28.8
95.997,19.44,28.65599999999995
95.999,19.3700000000002,28.62
96.007,19.09,28.571715976331305
96.017,18.58,28.511360946745565
96.027,18.42,28.45100591715974
96.037,18.29,28.390650887573916
96.047,18.46,28.330295857988176
96.057,18.58,28.269940828402348
96.168,19.004411764705893,27.6
96.178,19.042647058823505,27.74
96.188,19.080882352941174,28.12
96.198,19.119117647058783,27.74
96.208,19.157352941176452,27.51
96.218,19.195588235294117,27.25
96.227,19.23,27.331000000000078
96.228,19.207000000000196,27.34
96.237,19.0,27.42099999999996
96.238,19.02100000000009,27.43
96.247,19.21,27.29017857142857
96.257,18.62,27.134821428571353
96.267,18.07,26.97946428571436
96.277,18.24,26.824107142857144
96.287,17.91,26.668749999999925
96.297,17.56,26.513392857142932
96.406,17.521529411764703,24.82
96.416,17.518,25.06
96.426,17.51447058823529,25.68
96.436,17.510941176470585,26.15
96.446,17.507411764705882,25.6
96.456,17.503882352941176,25.41
96.466,17.500352941176473,23.86
96.467,17.5,23.80599999999977
96.476,17.913999999999806,23.32
96.477,17.96,23.34122093023266
96.487,18.8,23.553430232558053
96.497,19.32,23.765639534883746
96.507,19.69,23.97784883720944
96.517,19.83,24.19005813953483
96.527,19.8,24.402267441860523
96.537,19.67,24.614476744186216
96.648,18.088895348837326,26.97
96.658,17.946453488372132,27.2
96.668,17.80401162790694,27.48
96.678,17.661569767441954,27.71
96.688,17.51912790697676,27.69
96.698,17.37668604651177,27.69
96.708,17.234244186046578,27.89
96.709,17.22,27.88099999999996
96.718,17.436000000000206,27.8
96.719,17.46,27.77887573964517
96.729,17.74,27.567633136094763
96.739,18.18,27.356390532544353
96.749,18.13,27.14514792899425
96.759,17.76,26.93390532544384
96.769,17.48,26.722662721893432
96.779,17.26,26.511420118343324
96.887,18.210658682634758,24.23
96.897,18.29868263473061,24.13
96.907,18.38670658682634,24.44
96.917,18.47473053892219,25.27
96.927,18.562754491018044,25.79
96.937,18.650778443113772,25.77
96.946,18.73,25.24800000000025
96.947,18.7530000000001,25.19
96.956,18.96,24.208999999999072
96.957,18.935000000000215,24.1
96.966,18.71,24.091782608695652
96.976,18.38,24.08265217391304
96.986,18.07,24.073521739130427
96.996,17.59,24.064391304347826
97.006,17.28,24.055260869565213
97.016,16.98,24.0461304347826
97.187,17.178611898016992,23.89
97.197,17.190226628895186,23.45
97.207,17.20184135977336,23.24
97.217,17.213456090651555,22.68
97.227,17.225070821529748,22.68
97.237,17.236685552407923,22.86
97.247,17.248300283286117,22.81
97.257,17.25991501416431,22.94
97.369,17.39,21.648705882353013
97.379,17.46,21.5334117647059
97.389,17.2,21.418117647058946
97.399,16.92,21.302823529411828
97.409,16.88,21.18752941176471
97.419,16.98,21.07223529411776
97.427,17.052000000000053,20.98
97.429,17.07,21.05799999999989
97.437,17.23800000000006,21.37
97.439,17.28,21.487999999999666
97.447,17.27199999999999,21.96
97.457,17.262,22.28
97.467,17.251999999999995,22.41
97.477,17.24199999999999,22.16
97.487,17.232,21.74
97.497,17.221999999999994,21.4
97.609,17.11,22.527671232876653
97.619,17.15,22.628356164383554
97.629,17.35,22.72904109589045
97.639,17.26,22.82972602739721
97.649,17.09,22.930410958904112
97.659,17.09,23.03109589041101
97.669,16.86,23.13178082191777
97.679,16.9,23.23246575342467
97.789,16.13392857142854,24.34
97.799,16.064285714285642,24.23
97.809,15.994642857142846,24.68
97.819,15.924999999999951,25.66
97.829,15.855357142857153,26.97
97.839,15.785714285714258,27.63
97.847,15.73,28.469999999999104
97.849,15.752000000000095,28.68
97.857,15.84,28.728000000000016
97.859,15.855999999999954,28.74
97.867,15.92,28.840119760479162
97.877,15.73,28.96526946107785
97.887,15.61,29.090419161676714
97.897,15.86,29.21556886227558
97.907,15.86,29.340718562874265
97.917,15.92,29.465868263473133
98.026,15.692005730659039,30.83
98.036,15.671088825214902,30.45
98.046,15.650171919770766,29.56
98.056,15.62925501432666,27.98
98.066,15.608338108882522,27.43
98.076,15.587421203438415,26.63
98.086,15.56650429799428,26.97
98.096,15.545587392550143,26.57
98.266,15.19,27.19574468085107
98.276,15.09,27.232553191489338
98.286,15.07,27.269361702127654
98.296,15.19,27.30617021276597
98.306,15.11,27.342978723404233
98.316,15.19,27.379787234042553
98.326,15.09,27.416595744680816
98.336,15.05,27.453404255319132
98.566,20.179553264604955,28.3
98.576,20.40257731958757,27.43
98.586,20.625601374570508,26.88
98.596,20.84862542955344,26.43
98.606,21.07164948453606,26.13
98.616,21.294673539518993,24.92
98.626,21.517697594501925,24.63
98.627,21.54,24.538000000000785
98.636,21.737999999999907,23.71
98.637,21.76,23.719691780821964
98.647,21.91,23.816609589041192
98.657,21.69,23.91352739726028
98.667,21.3,24.01044520547951
98.677,21.18,24.107363013698734
98.687,20.44,24.204280821917823
98.697,20.3,24.30119863013705
98.866,18.11,25.939109589041124
98.876,18.11,26.036027397260348
98.886,18.53,26.132945205479437
98.896,18.55,26.229863013698665
98.906,18.64,26.326780821917893
98.916,18.76,26.423698630136983
98.926,18.73,26.520616438356207
98.928,18.77599999999987,26.54
98.936,18.96,26.884000000000242
98.938,18.932982456140415,26.97
98.948,18.797894736842284,26.66
98.958,18.66280701754396,25.85
98.968,18.527719298245643,24.73
98.978,18.392631578947512,23.86
98.988,18.257543859649193,24.36
98.998,18.12245614035087,24.9
99.107,16.65,24.11313609467458
99.117,15.98,24.040946745562117
99.127,15.35,23.968757396449753
99.137,15.07,23.89656804733729
99.147,15.73,23.824378698224827
99.157,16.79,23.752189349112463
99.167,17.48,23.68
99.177,17.91,23.79
99.187,18.03235294117637,23.81
99.197,18.15470588235291,23.79
99.207,18.277058823529277,23.42
99.217,18.39941176470582,23.17
99.227,18.52176470588236,23.06
99.237,18.64411764705873,22.94
99.347,19.99,28.505088757396052
99.357,19.57,29.011005917159594
99.367,18.67,29.51692307692313
99.377,18.02,30.02284023668595
99.387,18.35,30.528757396449492
99.397,18.94,31.03467455621303
99.406,18.471999999999557,31.49
99.407,18.42,31.402000000000747
99.416,17.529000000000423,30.61
99.417,17.43,30.59999999999996
99.426,17.56658823529412,30.51
99.436,17.71835294117655,30.2
99.446,17.870117647058763,30.11
99.456,18.021882352941194,29.37
99.466,18.173647058823406,28.65
99.476,18.325411764705837,28.6
99.587,20.01,26.535856164383496
99.597,20.46,26.349897260274076
99.607,20.91,26.163938356164394
99.617,21.71,25.97797945205471
99.627,22.21,25.79202054794529
99.637,22.21,25.60606164383561
99.647,22.43,25.420102739725927
99.657,22.43,25.234143835616507
99.768,21.20595890410955,23.17
99.778,21.095684931506753,22.13
99.788,20.985410958904115,21.11
99.798,20.87513698630132,21.25
99.808,20.764863013698523,22.36
99.818,20.654589041095885,23.76
99.828,20.54431506849309,25.27
99.838,20.43404109589045,26.8
99.949,19.21,26.17232142857143
99.959,19.53,26.115773809523784
99.969,19.76,26.059226190476217
99.979,20.15,26.00267857142857
99.989,20.04,25.946130952380926
99.999,20.44,25.889583333333363
100.006,20.306999999999974,25.85
100.009,20.25,25.613000000000113
100.016,20.179999999999986,25.06
100.019,20.15,24.801999999999754
100.026,20.100416666666728,24.2
100.036,20.029583333333356,23.86
100.046,19.958749999999984,23.89
100.056,19.88791666666671,23.97
100.066,19.817083333333336,23.53
100.076,19.746250000000067,23.22
100.187,18.96,25.858613138686223
100.197,19.39,26.096326034063473
100.207,19.3,26.334038929440386
100.217,19.03,26.571751824817635
100.227,18.67,26.809464720194885
100.237,18.38,27.047177615571798
100.247,18.24,27.284890510949047
100.257,18.38,27.522603406326297
100.428,18.55,31.587493917275005
100.438,18.85,31.825206812652254
100.448,18.85,32.06291970802917
100.458,18.55,32.30063260340641
100.468,18.11,32.53834549878367
100.478,17.8,32.77605839416058
100.487,17.512000000000135,32.99
100.488,17.48,32.91499999999968
100.497,17.300000000000086,32.24
100.498,17.28,32.25300000000006
100.507,17.281578947368423,32.37
100.517,17.28333333333333,31.3
100.527,17.285087719298247,31.11
100.537,17.28684210526316,30.51
100.547,17.28859649122807,30.45
100.557,17.29035087719298,29.99
100.669,17.31,29.29325581395351
100.679,17.54,29.231046511627895
100.689,17.89,29.16883720930237
100.699,18.15,29.106627906976755
100.709,18.38,29.044418604651142
100.719,18.94,28.982209302325614
100.729,19.39,28.92
100.739,19.92,29.37
100.749,19.946785714285692,28.95
100.759,19.97357142857142,28.89
100.769,20.00035714285715,28.92
100.779,20.02714285714284,28.74
100.789,20.05392857142857,29.31
100.799,20.0807142857143,29.04
100.907,20.37,27.57134948096893
100.917,20.08,27.435363321799304
100.927,19.94,27.29937716262968
100.937,19.99,27.163391003460248
100.947,19.83,27.027404844290622
100.957,19.46,26.891418685121188
100.967,18.96,26.755432525951562
100.977,19.55,26.619446366781936
101.088,17.545470588235496,25.11
101.098,17.364882352941287,26.52
101.108,17.184294117647077,27.4
101.118,17.003705882353128,27.14
101.128,16.82311764705892,26.29
101.138,16.64252941176471,25.36
101.147,16.48,24.55899999999924
101.148,16.413000000000572,24.47
101.157,15.81,25.98199999999928
101.158,15.769999999999829,26.15
101.167,15.41,25.987999999999992
101.177,15.53,25.807999999999904
101.187,15.96,25.62800000000007
101.197,17.01,25.44799999999998
101.207,17.46,25.268000000000146
101.217,18.24,25.088000000000054
101.328,18.726035502958606,23.09
101.338,18.76982248520709,22.83
101.348,18.81360946745563,22.48
101.358,18.857396449704176,22.31
101.368,18.90118343195266,22.43
101.378,18.9449704142012,22.46
101.386,18.98,22.220000000000255
101.388,18.93599999999981,22.16
101.396,18.76,22.07999999999997
101.398,18.684000000000218,22.06
101.406,18.38,22.340236686390877
101.416,17.59,22.690532544378733
101.426,17.43,23.040828402367083
101.436,17.56,23.391124260355436
101.446,17.37,23.74142011834329
101.456,16.86,24.091715976331642
101.567,17.152105263157882,27.98
101.577,17.17842105263158,28.74
101.587,17.204736842105277,29.13
101.597,17.23105263157894,29.99
101.607,17.25736842105264,30.33
101.617,17.28368421052634,30.64
101.627,17.31,30.86
101.637,17.33,31.46
101.647,17.33,31.15230769230753
101.657,17.43,30.844615384615498
101.667,17.74,30.536923076923028
101.677,18.09,30.229230769230554
101.687,18.33,29.92153846153852
101.697,18.42,29.61384615384605
101.806,19.66786206896549,26.26
101.816,19.782344827586243,25.52
101.826,19.896827586206832,25.25
101.836,20.01131034482758,25.38
101.846,20.125793103448334,24.71
101.856,20.24027586206892,24.82
101.866,20.354758620689672,24.2
101.876,20.469241379310425,24.2
101.987,21.74,24.414344827586195
101.997,21.42,24.43365517241379
102.007,20.77,24.45296551724139
102.017,20.82,24.472275862068955
102.027,20.67,24.491586206896553
102.037,20.6,24.510896551724148
102.047,20.91,24.530206896551718
102.057,20.96,24.549517241379316
102.166,19.89564705882359,24.76
102.176,19.798000000000016,25.06
102.186,19.700352941176437,24.44
102.196,19.602705882352996,23.84
102.206,19.505058823529417,23.99
102.216,19.40741176470598,25.17
102.226,19.3097647058824,25.38
102.227,19.3,25.275999999999556
102.236,19.336000000000034,24.34
102.237,19.34,24.323918128655123
102.247,19.37,24.16309941520474
102.257,19.5,24.00228070175436
102.267,19.8,23.841461988304204
102.277,19.94,23.68064327485382
102.287,19.62,23.51982456140344
102.297,19.53,23.359005847953288
102.407,17.681479289940807,21.59
102.417,17.51343195266261,21.57
102.427,17.345384615384415,21.49
102.437,17.177337278106457,21.79
102.447,17.00928994082826,22.18
102.457,16.841242603550306,22.73
102.466,16.69,23.37799999999969
102.467,16.71100000000009,23.45
102.476,16.9,24.034999999999723
102.477,16.947000000000198,24.1
102.486,17.37,24.408117647058834
102.496,17.91,24.75047058823499
102.506,17.78,25.092823529411632
102.516,17.85,25.435176470588274
102.526,17.69,25.77752941176443
102.536,18.11,26.119882352941072
102.647,18.882456140350943,29.92
102.657,18.952046783625736,29.62
102.667,19.02163742690063,29.59
102.677,19.09122807017552,28.92
102.687,19.160818713450315,29.04
102.697,19.230409356725207,28.92
102.707,19.3,28.98
102.717,19.25,28.6
102.727,19.25,28.55672514619881
102.737,19.39,28.513450292397682
102.747,19.46,28.470175438596492
102.757,19.05,28.426900584795302
102.767,18.76,28.383625730994172
102.777,18.46,28.340350877192982
102.888,17.108411764705846,27.86
102.898,16.986647058823603,28.21
102.908,16.86488235294119,28.12
102.918,16.743117647058774,27.86
102.928,16.621352941176536,27.4
102.938,16.49958823529412,27.28
102.947,16.39,27.28
102.948,16.378000000000103,27.28
102.957,16.27,26.4430000000004
102.958,16.25299999999993,26.35
102.967,16.1,26.285941176470587
102.977,16.12,26.214764705882317
102.987,16.06,26.143588235294146
102.997,16.04,26.072411764705876
103.007,16.1,26.001235294117606
103.017,16.17,25.930058823529436
103.128,16.033684210526317,25.14
103.138,16.021403508771925,24.6
103.148,16.00912280701755,24.07
103.158,15.996842105263159,23.73
103.168,15.984561403508767,23.76
103.178,15.972280701754393,23.84
103.188,15.96,23.71
103.198,15.9,23.37
103.208,15.88,23.219112426035437
103.218,15.86,23.068224852070873
103.228,15.84,22.917337278106523
103.238,15.81,22.76644970414196
103.248,15.69,22.615562130177395
103.258,15.61,22.464674556213044
103.367,15.246666666666652,20.82
103.377,15.213333333333349,20.79
103.387,15.18,20.72
103.397,15.14666666666665,20.65
103.407,15.11333333333335,20.7
103.417,15.08,20.63
103.426,15.05,20.56700000000003
103.427,15.047999999999991,20.56
103.436,15.03,20.514999999999958
103.437,15.028000000000016,20.51
103.446,15.01,20.51
103.456,15.01,20.51
103.466,15.01,20.51
103.476,14.97,20.51
103.486,14.97,20.51
103.496,14.91,20.51
